minute,context_tokens,generated_tokens
2024-05-12 00:00:00+00:00,2480243,176565
2024-05-12 00:01:00+00:00,2430869,175318
2024-05-12 00:02:00+00:00,2417594,177553
2024-05-12 00:03:00+00:00,2480774,165566
2024-05-12 00:04:00+00:00,2651945,184395
2024-05-12 00:05:00+00:00,2451924,175105
2024-05-12 00:06:00+00:00,2397095,167846
2024-05-12 00:07:00+00:00,2560054,184750
2024-05-12 00:08:00+00:00,2573717,169520
2024-05-12 00:09:00+00:00,2466833,176574
2024-05-12 00:10:00+00:00,2790644,192907
2024-05-12 00:11:00+00:00,2658137,187309
2024-05-12 00:12:00+00:00,2427871,173406
2024-05-12 00:13:00+00:00,2574848,170152
2024-05-12 00:14:00+00:00,2397052,170715
2024-05-12 00:15:00+00:00,2597704,178205
2024-05-12 00:16:00+00:00,2409647,182117
2024-05-12 00:17:00+00:00,2443199,170416
2024-05-12 00:18:00+00:00,2331382,162614
2024-05-12 00:19:00+00:00,2345574,169594
2024-05-12 00:20:00+00:00,2156747,147206
2024-05-12 00:21:00+00:00,2068651,156530
2024-05-12 00:22:00+00:00,2019683,131935
2024-05-12 00:23:00+00:00,2457450,169092
2024-05-12 00:24:00+00:00,2364307,169753
2024-05-12 00:25:00+00:00,2214846,151081
2024-05-12 00:26:00+00:00,2228405,170407
2024-05-12 00:27:00+00:00,2182526,152080
2024-05-12 00:28:00+00:00,2146738,154114
2024-05-12 00:29:00+00:00,2427505,165271
2024-05-12 00:30:00+00:00,2644583,194208
2024-05-12 00:31:00+00:00,2315635,166740
2024-05-12 00:32:00+00:00,2490812,173276
2024-05-12 00:33:00+00:00,2280238,159136
2024-05-12 00:34:00+00:00,2247173,148018
2024-05-12 00:35:00+00:00,2491513,183326
2024-05-12 00:36:00+00:00,2207430,152771
2024-05-12 00:37:00+00:00,2210043,169701
2024-05-12 00:38:00+00:00,2546549,188854
2024-05-12 00:39:00+00:00,2442690,172922
2024-05-12 00:40:00+00:00,2348552,171961
2024-05-12 00:41:00+00:00,2698986,193586
2024-05-12 00:42:00+00:00,2661546,181352
2024-05-12 00:43:00+00:00,2645021,186432
2024-05-12 00:44:00+00:00,2607149,194179
2024-05-12 00:45:00+00:00,2752264,200580
2024-05-12 00:46:00+00:00,2516735,188026
2024-05-12 00:47:00+00:00,2808646,200448
2024-05-12 00:48:00+00:00,2609633,174216
2024-05-12 00:49:00+00:00,2548506,189028
2024-05-12 00:50:00+00:00,2824006,191043
2024-05-12 00:51:00+00:00,2770764,196557
2024-05-12 00:52:00+00:00,2819495,204836
2024-05-12 00:53:00+00:00,2400020,182156
2024-05-12 00:54:00+00:00,2561302,192982
2024-05-12 00:55:00+00:00,2745346,200333
2024-05-12 00:56:00+00:00,2683781,188758
2024-05-12 00:57:00+00:00,2384210,184536
2024-05-12 00:58:00+00:00,2857471,200769
2024-05-12 00:59:00+00:00,2730485,192962
2024-05-12 01:00:00+00:00,2520670,180272
2024-05-12 01:01:00+00:00,2764977,198786
2024-05-12 01:02:00+00:00,2593446,182693
2024-05-12 01:03:00+00:00,2720807,200124
2024-05-12 01:04:00+00:00,2636351,182956
2024-05-12 01:05:00+00:00,2676318,196468
2024-05-12 01:06:00+00:00,2537429,186988
2024-05-12 01:07:00+00:00,2725121,201856
2024-05-12 01:08:00+00:00,2378696,166702
2024-05-12 01:09:00+00:00,2697204,188509
2024-05-12 01:10:00+00:00,2575355,183687
2024-05-12 01:11:00+00:00,2661988,191452
2024-05-12 01:12:00+00:00,2809792,207706
2024-05-12 01:13:00+00:00,2578425,183565
2024-05-12 01:14:00+00:00,2432505,170182
2024-05-12 01:15:00+00:00,2381185,168971
2024-05-12 01:16:00+00:00,2439644,168365
2024-05-12 01:17:00+00:00,2410822,177875
2024-05-12 01:18:00+00:00,2251762,174430
2024-05-12 01:19:00+00:00,2427475,165927
2024-05-12 01:20:00+00:00,2746267,187777
2024-05-12 01:21:00+00:00,2483601,177619
2024-05-12 01:22:00+00:00,2605099,188023
2024-05-12 01:23:00+00:00,2887073,196704
2024-05-12 01:24:00+00:00,2685332,192846
2024-05-12 01:25:00+00:00,2349624,155724
2024-05-12 01:26:00+00:00,2473336,162480
2024-05-12 01:27:00+00:00,2542451,178712
2024-05-12 01:28:00+00:00,2385245,176767
2024-05-12 01:29:00+00:00,2336047,168618
2024-05-12 01:30:00+00:00,2670281,185490
2024-05-12 01:31:00+00:00,2702239,202550
2024-05-12 01:32:00+00:00,2883616,210297
2024-05-12 01:33:00+00:00,2714986,190589
2024-05-12 01:34:00+00:00,2871581,210154
2024-05-12 01:35:00+00:00,2770833,196890
2024-05-12 01:36:00+00:00,2802365,197113
2024-05-12 01:37:00+00:00,2797702,198046
2024-05-12 01:38:00+00:00,2807983,201217
2024-05-12 01:39:00+00:00,2788028,198397
2024-05-12 01:40:00+00:00,2876533,218201
2024-05-12 01:41:00+00:00,2817683,214580
2024-05-12 01:42:00+00:00,2923719,208494
2024-05-12 01:43:00+00:00,2521234,178181
2024-05-12 01:44:00+00:00,2527199,181841
2024-05-12 01:45:00+00:00,2540416,179431
2024-05-12 01:46:00+00:00,2979950,207304
2024-05-12 01:47:00+00:00,2886566,201125
2024-05-12 01:48:00+00:00,2932693,207627
2024-05-12 01:49:00+00:00,2933258,203434
2024-05-12 01:50:00+00:00,2712268,194703
2024-05-12 01:51:00+00:00,3020919,204318
2024-05-12 01:52:00+00:00,2852026,209988
2024-05-12 01:53:00+00:00,2985047,211745
2024-05-12 01:54:00+00:00,2744521,197921
2024-05-12 01:55:00+00:00,2729239,196482
2024-05-12 01:56:00+00:00,2610185,191749
2024-05-12 01:57:00+00:00,2703975,196868
2024-05-12 01:58:00+00:00,2556206,180695
2024-05-12 01:59:00+00:00,2623312,188600
2024-05-12 02:00:00+00:00,2255702,164706
2024-05-12 02:01:00+00:00,2621205,188810
2024-05-12 02:02:00+00:00,2726765,201359
2024-05-12 02:03:00+00:00,2517052,169274
2024-05-12 02:04:00+00:00,2681021,195842
2024-05-12 02:05:00+00:00,2768812,209769
2024-05-12 02:06:00+00:00,2381666,168435
2024-05-12 02:07:00+00:00,2546525,179671
2024-05-12 02:08:00+00:00,2523186,173273
2024-05-12 02:09:00+00:00,2523225,185620
2024-05-12 02:10:00+00:00,2593580,190822
2024-05-12 02:11:00+00:00,2410654,169501
2024-05-12 02:12:00+00:00,2765579,197038
2024-05-12 02:13:00+00:00,2191929,154490
2024-05-12 02:14:00+00:00,2599058,185338
2024-05-12 02:15:00+00:00,2590910,177894
2024-05-12 02:16:00+00:00,2414349,164910
2024-05-12 02:17:00+00:00,2500933,174520
2024-05-12 02:18:00+00:00,2876010,206063
2024-05-12 02:19:00+00:00,2495861,178950
2024-05-12 02:20:00+00:00,2879357,210302
2024-05-12 02:21:00+00:00,2743044,205671
2024-05-12 02:22:00+00:00,2915888,216632
2024-05-12 02:23:00+00:00,2619045,181856
2024-05-12 02:24:00+00:00,3004466,210985
2024-05-12 02:25:00+00:00,2682237,201148
2024-05-12 02:26:00+00:00,2761230,198263
2024-05-12 02:27:00+00:00,2909805,200279
2024-05-12 02:28:00+00:00,2803778,205554
2024-05-12 02:29:00+00:00,2611654,190212
2024-05-12 02:30:00+00:00,2497013,165005
2024-05-12 02:31:00+00:00,2732179,194548
2024-05-12 02:32:00+00:00,2515388,180294
2024-05-12 02:33:00+00:00,2710265,188872
2024-05-12 02:34:00+00:00,2676016,189244
2024-05-12 02:35:00+00:00,2586294,174181
2024-05-12 02:36:00+00:00,2596800,184035
2024-05-12 02:37:00+00:00,2577711,187001
2024-05-12 02:38:00+00:00,2442708,171143
2024-05-12 02:39:00+00:00,2377552,168721
2024-05-12 02:40:00+00:00,2605708,187476
2024-05-12 02:41:00+00:00,2340390,166672
2024-05-12 02:42:00+00:00,2643170,191079
2024-05-12 02:43:00+00:00,2277061,168367
2024-05-12 02:44:00+00:00,2315536,161727
2024-05-12 02:45:00+00:00,2388059,169746
2024-05-12 02:46:00+00:00,2785692,190528
2024-05-12 02:47:00+00:00,2710786,196319
2024-05-12 02:48:00+00:00,2191238,160573
2024-05-12 02:49:00+00:00,2411403,184521
2024-05-12 02:50:00+00:00,2466018,168947
2024-05-12 02:51:00+00:00,2310434,180013
2024-05-12 02:52:00+00:00,2255853,162819
2024-05-12 02:53:00+00:00,2329238,166491
2024-05-12 02:54:00+00:00,2443470,172534
2024-05-12 02:55:00+00:00,2418011,167146
2024-05-12 02:56:00+00:00,2277062,156016
2024-05-12 02:57:00+00:00,2455737,171987
2024-05-12 02:58:00+00:00,2750929,184227
2024-05-12 02:59:00+00:00,2460153,163855
2024-05-12 03:00:00+00:00,2628807,181935
2024-05-12 03:01:00+00:00,2470365,179274
2024-05-12 03:02:00+00:00,2740213,188724
2024-05-12 03:03:00+00:00,2490518,167565
2024-05-12 03:04:00+00:00,2432487,165356
2024-05-12 03:05:00+00:00,2585555,166363
2024-05-12 03:06:00+00:00,2345318,162242
2024-05-12 03:07:00+00:00,2580818,170505
2024-05-12 03:08:00+00:00,2521858,177635
2024-05-12 03:09:00+00:00,2477417,181705
2024-05-12 03:10:00+00:00,2080461,144764
2024-05-12 03:11:00+00:00,2582412,178189
2024-05-12 03:12:00+00:00,2343932,170718
2024-05-12 03:13:00+00:00,2501804,169796
2024-05-12 03:14:00+00:00,2402441,168724
2024-05-12 03:15:00+00:00,2559917,175471
2024-05-12 03:16:00+00:00,2416155,173156
2024-05-12 03:17:00+00:00,2314458,153161
2024-05-12 03:18:00+00:00,2253612,173978
2024-05-12 03:19:00+00:00,2051382,145110
2024-05-12 03:20:00+00:00,2285975,155454
2024-05-12 03:21:00+00:00,2253778,160524
2024-05-12 03:22:00+00:00,2194795,160470
2024-05-12 03:23:00+00:00,2194653,160730
2024-05-12 03:24:00+00:00,2130631,153317
2024-05-12 03:25:00+00:00,2133962,153533
2024-05-12 03:26:00+00:00,2216134,158401
2024-05-12 03:27:00+00:00,2699707,189113
2024-05-12 03:28:00+00:00,2046210,146884
2024-05-12 03:29:00+00:00,1906605,141180
2024-05-12 03:30:00+00:00,2221560,156754
2024-05-12 03:31:00+00:00,1893904,144506
2024-05-12 03:32:00+00:00,1965858,138233
2024-05-12 03:33:00+00:00,1989488,140783
2024-05-12 03:34:00+00:00,1892632,147422
2024-05-12 03:35:00+00:00,1991472,144832
2024-05-12 03:36:00+00:00,1739330,128938
2024-05-12 03:37:00+00:00,1955777,138958
2024-05-12 03:38:00+00:00,2600600,189218
2024-05-12 03:39:00+00:00,2150304,163530
2024-05-12 03:40:00+00:00,2158838,160503
2024-05-12 03:41:00+00:00,2142880,154586
2024-05-12 03:42:00+00:00,2365672,160946
2024-05-12 03:43:00+00:00,2269541,158199
2024-05-12 03:44:00+00:00,1881614,132959
2024-05-12 03:45:00+00:00,2364909,167735
2024-05-12 03:46:00+00:00,2343318,178642
2024-05-12 03:47:00+00:00,2457271,173156
2024-05-12 03:48:00+00:00,2668601,182811
2024-05-12 03:49:00+00:00,2216395,147312
2024-05-12 03:50:00+00:00,2225054,154983
2024-05-12 03:51:00+00:00,2544629,171706
2024-05-12 03:52:00+00:00,2384099,166577
2024-05-12 03:53:00+00:00,2372635,161449
2024-05-12 03:54:00+00:00,2122703,143957
2024-05-12 03:55:00+00:00,2625784,188668
2024-05-12 03:56:00+00:00,2461065,177429
2024-05-12 03:57:00+00:00,2421084,166102
2024-05-12 03:58:00+00:00,2336986,165283
2024-05-12 03:59:00+00:00,2093181,139331
2024-05-12 04:00:00+00:00,2167712,162300
2024-05-12 04:01:00+00:00,2103092,144987
2024-05-12 04:02:00+00:00,2436088,186856
2024-05-12 04:03:00+00:00,2346721,172167
2024-05-12 04:04:00+00:00,2172061,156798
2024-05-12 04:05:00+00:00,2232001,171428
2024-05-12 04:06:00+00:00,2468894,164758
2024-05-12 04:07:00+00:00,2206948,165581
2024-05-12 04:08:00+00:00,2256713,169115
2024-05-12 04:09:00+00:00,2135893,154330
2024-05-12 04:10:00+00:00,2219052,152030
2024-05-12 04:11:00+00:00,2371574,168113
2024-05-12 04:12:00+00:00,2177871,152929
2024-05-12 04:13:00+00:00,2527029,178453
2024-05-12 04:14:00+00:00,2195647,146376
2024-05-12 04:15:00+00:00,2359278,165100
2024-05-12 04:16:00+00:00,2384635,166143
2024-05-12 04:17:00+00:00,2001884,147513
2024-05-12 04:18:00+00:00,2151041,151987
2024-05-12 04:19:00+00:00,2054066,151039
2024-05-12 04:20:00+00:00,2284095,168394
2024-05-12 04:21:00+00:00,2290749,163678
2024-05-12 04:22:00+00:00,2285829,166836
2024-05-12 04:23:00+00:00,2098787,148277
2024-05-12 04:24:00+00:00,2121966,149365
2024-05-12 04:25:00+00:00,2138923,164717
2024-05-12 04:26:00+00:00,2322835,163335
2024-05-12 04:27:00+00:00,2008385,141322
2024-05-12 04:28:00+00:00,2176131,160132
2024-05-12 04:29:00+00:00,1848980,130967
2024-05-12 04:30:00+00:00,2065868,152692
2024-05-12 04:31:00+00:00,1722502,124048
2024-05-12 04:32:00+00:00,2028089,141182
2024-05-12 04:33:00+00:00,1935250,155227
2024-05-12 04:34:00+00:00,1789070,126361
2024-05-12 04:35:00+00:00,2005826,140630
2024-05-12 04:36:00+00:00,2112727,144153
2024-05-12 04:37:00+00:00,2108616,143593
2024-05-12 04:38:00+00:00,2446883,171659
2024-05-12 04:39:00+00:00,2020345,149074
2024-05-12 04:40:00+00:00,2208709,147884
2024-05-12 04:41:00+00:00,1972806,142488
2024-05-12 04:42:00+00:00,2059828,146909
2024-05-12 04:43:00+00:00,1979873,140306
2024-05-12 04:44:00+00:00,2107440,145474
2024-05-12 04:45:00+00:00,2054943,138353
2024-05-12 04:46:00+00:00,1974454,135000
2024-05-12 04:47:00+00:00,2217183,157244
2024-05-12 04:48:00+00:00,2126128,148093
2024-05-12 04:49:00+00:00,2130510,147325
2024-05-12 04:50:00+00:00,2139197,153868
2024-05-12 04:51:00+00:00,2142771,165664
2024-05-12 04:52:00+00:00,2431609,174313
2024-05-12 04:53:00+00:00,2037176,138482
2024-05-12 04:54:00+00:00,1767361,133315
2024-05-12 04:55:00+00:00,2036380,143556
2024-05-12 04:56:00+00:00,1934981,140455
2024-05-12 04:57:00+00:00,1927386,144988
2024-05-12 04:58:00+00:00,2070968,152055
2024-05-12 04:59:00+00:00,2023191,139407
2024-05-12 05:00:00+00:00,2036431,146202
2024-05-12 05:01:00+00:00,2183349,166487
2024-05-12 05:02:00+00:00,2163636,159368
2024-05-12 05:03:00+00:00,1828725,126497
2024-05-12 05:04:00+00:00,1995533,144121
2024-05-12 05:05:00+00:00,2143492,160227
2024-05-12 05:06:00+00:00,2340148,167452
2024-05-12 05:07:00+00:00,2372260,170253
2024-05-12 05:08:00+00:00,2163191,144404
2024-05-12 05:09:00+00:00,2132869,154437
2024-05-12 05:10:00+00:00,2302120,157038
2024-05-12 05:11:00+00:00,2352107,169692
2024-05-12 05:12:00+00:00,2084840,144811
2024-05-12 05:13:00+00:00,2723320,193670
2024-05-12 05:14:00+00:00,2407827,174210
2024-05-12 05:15:00+00:00,2591485,186388
2024-05-12 05:16:00+00:00,2526521,179587
2024-05-12 05:17:00+00:00,2580207,186962
2024-05-12 05:18:00+00:00,2451957,161435
2024-05-12 05:19:00+00:00,2526327,178377
2024-05-12 05:20:00+00:00,2185931,156414
2024-05-12 05:21:00+00:00,2563228,184431
2024-05-12 05:22:00+00:00,2219438,160675
2024-05-12 05:23:00+00:00,2456854,161838
2024-05-12 05:24:00+00:00,2080800,152995
2024-05-12 05:25:00+00:00,2344809,164435
2024-05-12 05:26:00+00:00,2412753,174954
2024-05-12 05:27:00+00:00,2652561,190796
2024-05-12 05:28:00+00:00,2527928,178132
2024-05-12 05:29:00+00:00,2328510,158479
2024-05-12 05:30:00+00:00,2314217,170789
2024-05-12 05:31:00+00:00,2075809,143910
2024-05-12 05:32:00+00:00,2148596,154702
2024-05-12 05:33:00+00:00,1965796,138743
2024-05-12 05:34:00+00:00,2016036,144549
2024-05-12 05:35:00+00:00,2264440,160619
2024-05-12 05:36:00+00:00,2274526,156909
2024-05-12 05:37:00+00:00,1993366,132596
2024-05-12 05:38:00+00:00,1992856,134945
2024-05-12 05:39:00+00:00,1966614,135026
2024-05-12 05:40:00+00:00,2083076,145106
2024-05-12 05:41:00+00:00,2221018,162732
2024-05-12 05:42:00+00:00,2305520,170631
2024-05-12 05:43:00+00:00,2151563,154404
2024-05-12 05:44:00+00:00,2031571,145746
2024-05-12 05:45:00+00:00,1845752,135040
2024-05-12 05:46:00+00:00,2362421,169317
2024-05-12 05:47:00+00:00,2072983,142603
2024-05-12 05:48:00+00:00,2127604,159146
2024-05-12 05:49:00+00:00,1804369,126911
2024-05-12 05:50:00+00:00,2308082,164428
2024-05-12 05:51:00+00:00,2466380,175242
2024-05-12 05:52:00+00:00,2382703,164761
2024-05-12 05:53:00+00:00,2099513,140998
2024-05-12 05:54:00+00:00,2197694,152121
2024-05-12 05:55:00+00:00,2218957,154045
2024-05-12 05:56:00+00:00,2156769,163992
2024-05-12 05:57:00+00:00,2224981,160669
2024-05-12 05:58:00+00:00,2581421,179940
2024-05-12 05:59:00+00:00,2482558,178391
2024-05-12 06:00:00+00:00,2453262,177700
2024-05-12 06:01:00+00:00,2611810,183718
2024-05-12 06:02:00+00:00,2635495,183887
2024-05-12 06:03:00+00:00,2698525,187602
2024-05-12 06:04:00+00:00,2436615,171000
2024-05-12 06:05:00+00:00,2364849,165533
2024-05-12 06:06:00+00:00,2305653,172111
2024-05-12 06:07:00+00:00,2217765,154288
2024-05-12 06:08:00+00:00,2441765,171320
2024-05-12 06:09:00+00:00,2396683,172175
2024-05-12 06:10:00+00:00,2430947,177557
2024-05-12 06:11:00+00:00,2417840,179390
2024-05-12 06:12:00+00:00,2288039,175157
2024-05-12 06:13:00+00:00,2204042,150329
2024-05-12 06:14:00+00:00,2511285,171015
2024-05-12 06:15:00+00:00,2380651,163493
2024-05-12 06:16:00+00:00,2348612,164383
2024-05-12 06:17:00+00:00,2270948,163789
2024-05-12 06:18:00+00:00,2387703,172542
2024-05-12 06:19:00+00:00,1988617,153663
2024-05-12 06:20:00+00:00,2289964,166093
2024-05-12 06:21:00+00:00,2424280,177416
2024-05-12 06:22:00+00:00,2454141,177843
2024-05-12 06:23:00+00:00,2238603,148445
2024-05-12 06:24:00+00:00,2158249,156212
2024-05-12 06:25:00+00:00,2401061,170262
2024-05-12 06:26:00+00:00,2382100,169894
2024-05-12 06:27:00+00:00,2240662,155668
2024-05-12 06:28:00+00:00,2325370,165507
2024-05-12 06:29:00+00:00,2129481,154656
2024-05-12 06:30:00+00:00,2640590,184999
2024-05-12 06:31:00+00:00,2481619,188704
2024-05-12 06:32:00+00:00,2557416,183830
2024-05-12 06:33:00+00:00,2482783,178545
2024-05-12 06:34:00+00:00,2448101,171613
2024-05-12 06:35:00+00:00,2155618,156400
2024-05-12 06:36:00+00:00,2059655,146792
2024-05-12 06:37:00+00:00,2228312,154284
2024-05-12 06:38:00+00:00,2509779,175799
2024-05-12 06:39:00+00:00,2347289,166905
2024-05-12 06:40:00+00:00,2265464,160907
2024-05-12 06:41:00+00:00,2301164,179748
2024-05-12 06:42:00+00:00,2488638,171755
2024-05-12 06:43:00+00:00,2237056,154130
2024-05-12 06:44:00+00:00,2283895,167997
2024-05-12 06:45:00+00:00,2074258,156851
2024-05-12 06:46:00+00:00,2341793,161596
2024-05-12 06:47:00+00:00,2141323,153930
2024-05-12 06:48:00+00:00,2668525,186451
2024-05-12 06:49:00+00:00,2405859,162913
2024-05-12 06:50:00+00:00,2511921,193457
2024-05-12 06:51:00+00:00,2435026,173113
2024-05-12 06:52:00+00:00,2288019,156869
2024-05-12 06:53:00+00:00,2691051,199075
2024-05-12 06:54:00+00:00,2479672,185166
2024-05-12 06:55:00+00:00,2663097,193076
2024-05-12 06:56:00+00:00,2456423,168583
2024-05-12 06:57:00+00:00,2093422,160138
2024-05-12 06:58:00+00:00,2353206,170637
2024-05-12 06:59:00+00:00,2480219,180236
2024-05-12 07:00:00+00:00,2382930,177826
2024-05-12 07:01:00+00:00,2458475,172239
2024-05-12 07:02:00+00:00,2834551,197844
2024-05-12 07:03:00+00:00,2479903,186321
2024-05-12 07:04:00+00:00,2308420,161087
2024-05-12 07:05:00+00:00,2355546,166927
2024-05-12 07:06:00+00:00,2709005,193185
2024-05-12 07:07:00+00:00,2515304,176238
2024-05-12 07:08:00+00:00,2768440,202242
2024-05-12 07:09:00+00:00,2485480,180811
2024-05-12 07:10:00+00:00,2178838,164050
2024-05-12 07:11:00+00:00,2516905,184936
2024-05-12 07:12:00+00:00,2449517,180213
2024-05-12 07:13:00+00:00,2340793,149034
2024-05-12 07:14:00+00:00,2494869,177358
2024-05-12 07:15:00+00:00,2670049,195314
2024-05-12 07:16:00+00:00,2781409,200067
2024-05-12 07:17:00+00:00,2709359,194322
2024-05-12 07:18:00+00:00,2629078,183675
2024-05-12 07:19:00+00:00,2827848,198703
2024-05-12 07:20:00+00:00,2660932,191640
2024-05-12 07:21:00+00:00,3033992,215526
2024-05-12 07:22:00+00:00,2833941,218530
2024-05-12 07:23:00+00:00,2890376,213054
2024-05-12 07:24:00+00:00,2821491,214839
2024-05-12 07:25:00+00:00,2669692,199126
2024-05-12 07:26:00+00:00,2940635,204749
2024-05-12 07:27:00+00:00,2745598,185586
2024-05-12 07:28:00+00:00,3127658,221867
2024-05-12 07:29:00+00:00,3028216,215090
2024-05-12 07:30:00+00:00,3161774,221561
2024-05-12 07:31:00+00:00,2930316,211756
2024-05-12 07:32:00+00:00,2727695,198925
2024-05-12 07:33:00+00:00,2657658,195974
2024-05-12 07:34:00+00:00,2743498,211180
2024-05-12 07:35:00+00:00,2799152,214468
2024-05-12 07:36:00+00:00,2827216,205370
2024-05-12 07:37:00+00:00,2868005,208318
2024-05-12 07:38:00+00:00,2567455,189578
2024-05-12 07:39:00+00:00,2709493,192198
2024-05-12 07:40:00+00:00,2469008,175067
2024-05-12 07:41:00+00:00,2677761,203571
2024-05-12 07:42:00+00:00,2758825,196130
2024-05-12 07:43:00+00:00,2532186,174289
2024-05-12 07:44:00+00:00,2459074,188059
2024-05-12 07:45:00+00:00,2681772,209817
2024-05-12 07:46:00+00:00,2487386,184572
2024-05-12 07:47:00+00:00,2949337,208260
2024-05-12 07:48:00+00:00,2707116,196642
2024-05-12 07:49:00+00:00,2516420,182725
2024-05-12 07:50:00+00:00,2660678,193326
2024-05-12 07:51:00+00:00,2958699,211223
2024-05-12 07:52:00+00:00,2552307,189807
2024-05-12 07:53:00+00:00,2778155,212380
2024-05-12 07:54:00+00:00,2670195,195499
2024-05-12 07:55:00+00:00,3007665,210076
2024-05-12 07:56:00+00:00,2921382,213284
2024-05-12 07:57:00+00:00,2920115,202556
2024-05-12 07:58:00+00:00,2668289,200256
2024-05-12 07:59:00+00:00,2496007,178947
2024-05-12 08:00:00+00:00,2857945,195637
2024-05-12 08:01:00+00:00,3043817,207539
2024-05-12 08:02:00+00:00,3051569,221668
2024-05-12 08:03:00+00:00,2950244,211807
2024-05-12 08:04:00+00:00,2908282,214209
2024-05-12 08:05:00+00:00,2771403,199156
2024-05-12 08:06:00+00:00,2656291,196556
2024-05-12 08:07:00+00:00,2540670,182527
2024-05-12 08:08:00+00:00,2529058,183236
2024-05-12 08:09:00+00:00,2246653,162670
2024-05-12 08:10:00+00:00,2488444,170308
2024-05-12 08:11:00+00:00,2609042,181774
2024-05-12 08:12:00+00:00,2479987,184148
2024-05-12 08:13:00+00:00,2673731,183728
2024-05-12 08:14:00+00:00,2706954,187163
2024-05-12 08:15:00+00:00,2897432,207535
2024-05-12 08:16:00+00:00,2750228,197028
2024-05-12 08:17:00+00:00,2604703,184653
2024-05-12 08:18:00+00:00,2706940,193181
2024-05-12 08:19:00+00:00,2559678,192968
2024-05-12 08:20:00+00:00,2985078,216377
2024-05-12 08:21:00+00:00,2918413,208018
2024-05-12 08:22:00+00:00,2548267,187119
2024-05-12 08:23:00+00:00,2380012,181641
2024-05-12 08:24:00+00:00,2623008,187386
2024-05-12 08:25:00+00:00,2749171,204150
2024-05-12 08:26:00+00:00,2380314,165109
2024-05-12 08:27:00+00:00,2845260,193969
2024-05-12 08:28:00+00:00,2695809,190133
2024-05-12 08:29:00+00:00,2521750,185123
2024-05-12 08:30:00+00:00,2741114,202942
2024-05-12 08:31:00+00:00,3011203,225312
2024-05-12 08:32:00+00:00,2985609,213400
2024-05-12 08:33:00+00:00,3007418,214843
2024-05-12 08:34:00+00:00,2729427,196436
2024-05-12 08:35:00+00:00,2671694,205255
2024-05-12 08:36:00+00:00,2650072,180875
2024-05-12 08:37:00+00:00,2773124,200205
2024-05-12 08:38:00+00:00,2696859,197243
2024-05-12 08:39:00+00:00,2487140,182288
2024-05-12 08:40:00+00:00,2635998,196201
2024-05-12 08:41:00+00:00,2755265,197069
2024-05-12 08:42:00+00:00,3102704,234912
2024-05-12 08:43:00+00:00,2780111,199957
2024-05-12 08:44:00+00:00,2570773,189221
2024-05-12 08:45:00+00:00,2808184,204577
2024-05-12 08:46:00+00:00,3081121,235546
2024-05-12 08:47:00+00:00,2776145,193057
2024-05-12 08:48:00+00:00,2654282,205718
2024-05-12 08:49:00+00:00,2620830,183202
2024-05-12 08:50:00+00:00,2519684,182391
2024-05-12 08:51:00+00:00,2680748,182753
2024-05-12 08:52:00+00:00,2477371,185091
2024-05-12 08:53:00+00:00,2751134,191947
2024-05-12 08:54:00+00:00,2417129,172547
2024-05-12 08:55:00+00:00,2603448,186340
2024-05-12 08:56:00+00:00,2114557,148173
2024-05-12 08:57:00+00:00,2198013,152372
2024-05-12 08:58:00+00:00,2484133,185300
2024-05-12 08:59:00+00:00,2382465,174747
2024-05-12 09:00:00+00:00,2525326,180040
2024-05-12 09:01:00+00:00,2421151,174885
2024-05-12 09:02:00+00:00,2964040,219970
2024-05-12 09:03:00+00:00,2855037,198314
2024-05-12 09:04:00+00:00,2778341,198050
2024-05-12 09:05:00+00:00,2440253,173916
2024-05-12 09:06:00+00:00,2431842,169544
2024-05-12 09:07:00+00:00,2349982,166995
2024-05-12 09:08:00+00:00,2467704,174377
2024-05-12 09:09:00+00:00,2168229,163926
2024-05-12 09:10:00+00:00,2587574,191011
2024-05-12 09:11:00+00:00,2817445,204252
2024-05-12 09:12:00+00:00,2821738,197929
2024-05-12 09:13:00+00:00,2734201,198406
2024-05-12 09:14:00+00:00,2812177,207401
2024-05-12 09:15:00+00:00,2747168,212574
2024-05-12 09:16:00+00:00,2439079,175344
2024-05-12 09:17:00+00:00,2835506,207345
2024-05-12 09:18:00+00:00,2732657,198415
2024-05-12 09:19:00+00:00,2320135,163692
2024-05-12 09:20:00+00:00,2476382,171009
2024-05-12 09:21:00+00:00,2650647,198576
2024-05-12 09:22:00+00:00,2617011,180290
2024-05-12 09:23:00+00:00,2285454,165321
2024-05-12 09:24:00+00:00,1882692,132154
2024-05-12 09:25:00+00:00,2333355,158587
2024-05-12 09:26:00+00:00,2095134,156293
2024-05-12 09:27:00+00:00,2250123,167814
2024-05-12 09:28:00+00:00,2559077,188674
2024-05-12 09:29:00+00:00,2046649,136868
2024-05-12 09:30:00+00:00,2528220,190241
2024-05-12 09:31:00+00:00,2494931,183436
2024-05-12 09:32:00+00:00,2892856,197132
2024-05-12 09:33:00+00:00,2793704,199805
2024-05-12 09:34:00+00:00,2263211,155187
2024-05-12 09:35:00+00:00,2626696,176537
2024-05-12 09:36:00+00:00,2784226,191252
2024-05-12 09:37:00+00:00,2566514,186824
2024-05-12 09:38:00+00:00,2429473,173166
2024-05-12 09:39:00+00:00,2309020,165610
2024-05-12 09:40:00+00:00,2335979,173970
2024-05-12 09:41:00+00:00,2648795,195670
2024-05-12 09:42:00+00:00,2433737,176049
2024-05-12 09:43:00+00:00,2582091,189069
2024-05-12 09:44:00+00:00,2296065,157118
2024-05-12 09:45:00+00:00,2569397,184710
2024-05-12 09:46:00+00:00,2326200,168581
2024-05-12 09:47:00+00:00,2519211,179750
2024-05-12 09:48:00+00:00,2214287,154144
2024-05-12 09:49:00+00:00,2306344,155861
2024-05-12 09:50:00+00:00,2181274,159474
2024-05-12 09:51:00+00:00,2504373,187126
2024-05-12 09:52:00+00:00,2420738,171551
2024-05-12 09:53:00+00:00,2437412,167456
2024-05-12 09:54:00+00:00,2215210,157691
2024-05-12 09:55:00+00:00,2948450,221222
2024-05-12 09:56:00+00:00,2816736,199185
2024-05-12 09:57:00+00:00,2411016,167614
2024-05-12 09:58:00+00:00,2603645,185522
2024-05-12 09:59:00+00:00,2420296,175325
2024-05-12 10:00:00+00:00,2501060,169243
2024-05-12 10:01:00+00:00,2874485,208871
2024-05-12 10:02:00+00:00,2580940,185587
2024-05-12 10:03:00+00:00,2698687,193262
2024-05-12 10:04:00+00:00,2407922,177354
2024-05-12 10:05:00+00:00,2456381,175147
2024-05-12 10:06:00+00:00,2564927,176574
2024-05-12 10:07:00+00:00,2674500,192160
2024-05-12 10:08:00+00:00,2422474,173939
2024-05-12 10:09:00+00:00,2440233,177818
2024-05-12 10:10:00+00:00,2313568,159724
2024-05-12 10:11:00+00:00,2564079,196880
2024-05-12 10:12:00+00:00,2929735,210229
2024-05-12 10:13:00+00:00,2821594,207890
2024-05-12 10:14:00+00:00,2601217,183413
2024-05-12 10:15:00+00:00,2684260,187384
2024-05-12 10:16:00+00:00,2290422,168709
2024-05-12 10:17:00+00:00,2405997,180793
2024-05-12 10:18:00+00:00,2442982,167164
2024-05-12 10:19:00+00:00,2266021,169754
2024-05-12 10:20:00+00:00,2983177,214330
2024-05-12 10:21:00+00:00,2723001,201160
2024-05-12 10:22:00+00:00,2306471,153547
2024-05-12 10:23:00+00:00,2849867,203262
2024-05-12 10:24:00+00:00,2559840,184803
2024-05-12 10:25:00+00:00,2326273,174023
2024-05-12 10:26:00+00:00,2506495,181510
2024-05-12 10:27:00+00:00,2345949,166437
2024-05-12 10:28:00+00:00,2566457,183735
2024-05-12 10:29:00+00:00,2286498,163271
2024-05-12 10:30:00+00:00,2748662,193889
2024-05-12 10:31:00+00:00,2753100,201305
2024-05-12 10:32:00+00:00,2641002,175277
2024-05-12 10:33:00+00:00,2641035,185376
2024-05-12 10:34:00+00:00,2566600,180488
2024-05-12 10:35:00+00:00,2352027,165626
2024-05-12 10:36:00+00:00,2401568,168771
2024-05-12 10:37:00+00:00,2298019,161189
2024-05-12 10:38:00+00:00,2572269,188467
2024-05-12 10:39:00+00:00,2544230,171362
2024-05-12 10:40:00+00:00,2624962,204910
2024-05-12 10:41:00+00:00,2696819,188463
2024-05-12 10:42:00+00:00,2685438,181466
2024-05-12 10:43:00+00:00,2579985,179457
2024-05-12 10:44:00+00:00,2769434,203959
2024-05-12 10:45:00+00:00,2542632,186571
2024-05-12 10:46:00+00:00,2632422,188565
2024-05-12 10:47:00+00:00,2662402,190933
2024-05-12 10:48:00+00:00,2704241,197587
2024-05-12 10:49:00+00:00,2702672,186323
2024-05-12 10:50:00+00:00,2921352,208896
2024-05-12 10:51:00+00:00,2830450,203619
2024-05-12 10:52:00+00:00,2630753,195114
2024-05-12 10:53:00+00:00,2716361,202876
2024-05-12 10:54:00+00:00,2305416,161367
2024-05-12 10:55:00+00:00,2453161,179881
2024-05-12 10:56:00+00:00,2814355,206922
2024-05-12 10:57:00+00:00,2673689,195874
2024-05-12 10:58:00+00:00,2501862,167897
2024-05-12 10:59:00+00:00,2333972,169748
2024-05-12 11:00:00+00:00,3006356,222855
2024-05-12 11:01:00+00:00,2885311,202968
2024-05-12 11:02:00+00:00,2663235,181460
2024-05-12 11:03:00+00:00,2909968,201638
2024-05-12 11:04:00+00:00,2524329,183049
2024-05-12 11:05:00+00:00,2319258,177955
2024-05-12 11:06:00+00:00,2797049,204001
2024-05-12 11:07:00+00:00,2672231,193833
2024-05-12 11:08:00+00:00,2582556,184043
2024-05-12 11:09:00+00:00,2934534,209165
2024-05-12 11:10:00+00:00,2935597,212369
2024-05-12 11:11:00+00:00,2909960,211884
2024-05-12 11:12:00+00:00,2853854,206535
2024-05-12 11:13:00+00:00,2676744,196601
2024-05-12 11:14:00+00:00,2790147,213798
2024-05-12 11:15:00+00:00,2336926,167357
2024-05-12 11:16:00+00:00,2946879,212868
2024-05-12 11:17:00+00:00,2962342,205972
2024-05-12 11:18:00+00:00,2980971,202825
2024-05-12 11:19:00+00:00,2639009,180788
2024-05-12 11:20:00+00:00,2430388,173438
2024-05-12 11:21:00+00:00,2946535,206474
2024-05-12 11:22:00+00:00,3093084,217987
2024-05-12 11:23:00+00:00,2851332,213784
2024-05-12 11:24:00+00:00,3043053,216853
2024-05-12 11:25:00+00:00,2841924,199622
2024-05-12 11:26:00+00:00,2995568,218279
2024-05-12 11:27:00+00:00,2667720,197992
2024-05-12 11:28:00+00:00,2973004,229431
2024-05-12 11:29:00+00:00,2695746,189774
2024-05-12 11:30:00+00:00,3180662,223521
2024-05-12 11:31:00+00:00,2986376,209003
2024-05-12 11:32:00+00:00,3343182,249119
2024-05-12 11:33:00+00:00,2646338,191913
2024-05-12 11:34:00+00:00,2762351,196685
2024-05-12 11:35:00+00:00,2624824,184588
2024-05-12 11:36:00+00:00,2908282,206991
2024-05-12 11:37:00+00:00,2945496,205231
2024-05-12 11:38:00+00:00,3026219,216653
2024-05-12 11:39:00+00:00,3173897,233108
2024-05-12 11:40:00+00:00,3006127,217067
2024-05-12 11:41:00+00:00,2874577,210489
2024-05-12 11:42:00+00:00,2910510,200054
2024-05-12 11:43:00+00:00,2859313,200259
2024-05-12 11:44:00+00:00,2866273,216366
2024-05-12 11:45:00+00:00,3225161,232345
2024-05-12 11:46:00+00:00,3255441,235363
2024-05-12 11:47:00+00:00,2721636,191240
2024-05-12 11:48:00+00:00,3198613,237702
2024-05-12 11:49:00+00:00,2981785,203573
2024-05-12 11:50:00+00:00,2820736,185967
2024-05-12 11:51:00+00:00,3122802,220163
2024-05-12 11:52:00+00:00,3220387,221975
2024-05-12 11:53:00+00:00,3066278,220486
2024-05-12 11:54:00+00:00,3419362,238748
2024-05-12 11:55:00+00:00,2682348,197195
2024-05-12 11:56:00+00:00,2705477,183174
2024-05-12 11:57:00+00:00,2601322,194823
2024-05-12 11:58:00+00:00,2763634,191658
2024-05-12 11:59:00+00:00,2452222,165031
2024-05-12 12:00:00+00:00,2744683,204430
2024-05-12 12:01:00+00:00,3417930,239186
2024-05-12 12:02:00+00:00,2704334,194570
2024-05-12 12:03:00+00:00,2996120,213459
2024-05-12 12:04:00+00:00,3052695,217222
2024-05-12 12:05:00+00:00,2980763,216419
2024-05-12 12:06:00+00:00,3512214,240233
2024-05-12 12:07:00+00:00,3086219,207323
2024-05-12 12:08:00+00:00,2775116,195343
2024-05-12 12:09:00+00:00,3298134,217866
2024-05-12 12:10:00+00:00,2935196,207228
2024-05-12 12:11:00+00:00,2895592,207209
2024-05-12 12:12:00+00:00,2471898,171542
2024-05-12 12:13:00+00:00,2772398,187918
2024-05-12 12:14:00+00:00,2948650,206237
2024-05-12 12:15:00+00:00,2969129,208416
2024-05-12 12:16:00+00:00,3226321,227118
2024-05-12 12:17:00+00:00,3024710,219840
2024-05-12 12:18:00+00:00,2787203,194219
2024-05-12 12:19:00+00:00,2042548,140740
2024-05-12 12:20:00+00:00,2871995,194161
2024-05-12 12:21:00+00:00,2899480,195312
2024-05-12 12:22:00+00:00,2882309,203084
2024-05-12 12:23:00+00:00,2883446,206020
2024-05-12 12:24:00+00:00,2874426,214598
2024-05-12 12:25:00+00:00,2825457,196163
2024-05-12 12:26:00+00:00,2872013,193744
2024-05-12 12:27:00+00:00,2651710,183444
2024-05-12 12:28:00+00:00,2378449,162426
2024-05-12 12:29:00+00:00,2129438,144658
2024-05-12 12:30:00+00:00,3230872,225431
2024-05-12 12:31:00+00:00,3234916,228998
2024-05-12 12:32:00+00:00,3127491,233104
2024-05-12 12:33:00+00:00,3078201,210095
2024-05-12 12:34:00+00:00,2832589,198365
2024-05-12 12:35:00+00:00,3363718,249745
2024-05-12 12:36:00+00:00,3291654,244593
2024-05-12 12:37:00+00:00,3331143,227474
2024-05-12 12:38:00+00:00,2986520,206477
2024-05-12 12:39:00+00:00,2645901,182898
2024-05-12 12:40:00+00:00,2714995,199767
2024-05-12 12:41:00+00:00,3272351,231406
2024-05-12 12:42:00+00:00,3179278,217173
2024-05-12 12:43:00+00:00,2748856,185922
2024-05-12 12:44:00+00:00,2846777,201145
2024-05-12 12:45:00+00:00,2943518,200978
2024-05-12 12:46:00+00:00,3224786,233944
2024-05-12 12:47:00+00:00,3068491,219837
2024-05-12 12:48:00+00:00,3026871,220060
2024-05-12 12:49:00+00:00,2919621,202411
2024-05-12 12:50:00+00:00,3378949,247616
2024-05-12 12:51:00+00:00,3309312,228785
2024-05-12 12:52:00+00:00,3057120,222875
2024-05-12 12:53:00+00:00,3320639,230364
2024-05-12 12:54:00+00:00,3277144,234251
2024-05-12 12:55:00+00:00,2823022,199593
2024-05-12 12:56:00+00:00,3196438,225918
2024-05-12 12:57:00+00:00,3102303,219484
2024-05-12 12:58:00+00:00,3342862,234560
2024-05-12 12:59:00+00:00,3394224,236749
2024-05-12 13:00:00+00:00,3730299,267340
2024-05-12 13:01:00+00:00,3011088,217378
2024-05-12 13:02:00+00:00,3536327,258598
2024-05-12 13:03:00+00:00,3920815,278324
2024-05-12 13:04:00+00:00,3476622,247805
2024-05-12 13:05:00+00:00,3573509,240602
2024-05-12 13:06:00+00:00,3734157,261110
2024-05-12 13:07:00+00:00,3582733,256593
2024-05-12 13:08:00+00:00,3409516,229310
2024-05-12 13:09:00+00:00,3378202,234764
2024-05-12 13:10:00+00:00,3559241,261373
2024-05-12 13:11:00+00:00,3528463,243023
2024-05-12 13:12:00+00:00,3872243,271699
2024-05-12 13:13:00+00:00,3843310,285699
2024-05-12 13:14:00+00:00,3555636,243185
2024-05-12 13:15:00+00:00,3713782,267368
2024-05-12 13:16:00+00:00,3951552,273887
2024-05-12 13:17:00+00:00,3898331,279162
2024-05-12 13:18:00+00:00,3979838,278760
2024-05-12 13:19:00+00:00,3663437,268828
2024-05-12 13:20:00+00:00,3892543,274471
2024-05-12 13:21:00+00:00,4008224,271469
2024-05-12 13:22:00+00:00,3582482,247390
2024-05-12 13:23:00+00:00,3660722,254002
2024-05-12 13:24:00+00:00,3889754,276263
2024-05-12 13:25:00+00:00,4096143,279432
2024-05-12 13:26:00+00:00,3948364,270042
2024-05-12 13:27:00+00:00,3515523,252219
2024-05-12 13:28:00+00:00,3803258,263385
2024-05-12 13:29:00+00:00,3796844,259102
2024-05-12 13:30:00+00:00,3879732,287008
2024-05-12 13:31:00+00:00,3057394,203034
2024-05-12 13:32:00+00:00,3770999,275150
2024-05-12 13:33:00+00:00,3669333,244033
2024-05-12 13:34:00+00:00,3550257,251109
2024-05-12 13:35:00+00:00,3742513,259748
2024-05-12 13:36:00+00:00,3993262,275539
2024-05-12 13:37:00+00:00,3910573,269454
2024-05-12 13:38:00+00:00,3568604,248354
2024-05-12 13:39:00+00:00,3777327,268907
2024-05-12 13:40:00+00:00,3995494,273878
2024-05-12 13:41:00+00:00,4018814,281999
2024-05-12 13:42:00+00:00,3507590,253724
2024-05-12 13:43:00+00:00,3593723,258687
2024-05-12 13:44:00+00:00,3603098,244710
2024-05-12 13:45:00+00:00,3564576,241989
2024-05-12 13:46:00+00:00,3764155,263110
2024-05-12 13:47:00+00:00,3720552,257651
2024-05-12 13:48:00+00:00,3324442,240265
2024-05-12 13:49:00+00:00,2853088,198795
2024-05-12 13:50:00+00:00,3757961,268800
2024-05-12 13:51:00+00:00,3232935,209518
2024-05-12 13:52:00+00:00,4015060,278265
2024-05-12 13:53:00+00:00,3746343,252133
2024-05-12 13:54:00+00:00,3764888,251681
2024-05-12 13:55:00+00:00,3615614,248721
2024-05-12 13:56:00+00:00,3740115,254427
2024-05-12 13:57:00+00:00,3992608,277505
2024-05-12 13:58:00+00:00,3707593,268481
2024-05-12 13:59:00+00:00,3829730,270639
2024-05-12 14:00:00+00:00,3425603,225979
2024-05-12 14:01:00+00:00,3472976,242733
2024-05-12 14:02:00+00:00,3799459,274784
2024-05-12 14:03:00+00:00,3716024,254588
2024-05-12 14:04:00+00:00,3739759,245795
2024-05-12 14:05:00+00:00,3443905,220727
2024-05-12 14:06:00+00:00,3387719,216809
2024-05-12 14:07:00+00:00,3267658,225564
2024-05-12 14:08:00+00:00,3614897,249723
2024-05-12 14:09:00+00:00,3222698,213947
2024-05-12 14:10:00+00:00,3970856,271068
2024-05-12 14:11:00+00:00,3646297,245752
2024-05-12 14:12:00+00:00,3525091,261011
2024-05-12 14:13:00+00:00,3185569,227581
2024-05-12 14:14:00+00:00,3533578,250379
2024-05-12 14:15:00+00:00,3583226,248165
2024-05-12 14:16:00+00:00,3572421,234508
2024-05-12 14:17:00+00:00,3661343,246738
2024-05-12 14:18:00+00:00,3297846,231607
2024-05-12 14:19:00+00:00,2662281,187089
2024-05-12 14:20:00+00:00,2996119,206234
2024-05-12 14:21:00+00:00,3391505,229976
2024-05-12 14:22:00+00:00,3195491,225528
2024-05-12 14:23:00+00:00,3258252,210001
2024-05-12 14:24:00+00:00,3036117,196046
2024-05-12 14:25:00+00:00,3211205,224425
2024-05-12 14:26:00+00:00,3369928,230254
2024-05-12 14:27:00+00:00,3232104,218377
2024-05-12 14:28:00+00:00,3658842,243631
2024-05-12 14:29:00+00:00,2932979,198880
2024-05-12 14:30:00+00:00,4079679,274473
2024-05-12 14:31:00+00:00,3794807,263695
2024-05-12 14:32:00+00:00,3706200,258664
2024-05-12 14:33:00+00:00,3724518,253037
2024-05-12 14:34:00+00:00,3195081,212335
2024-05-12 14:35:00+00:00,3762464,269335
2024-05-12 14:36:00+00:00,3631015,260601
2024-05-12 14:37:00+00:00,3458077,226226
2024-05-12 14:38:00+00:00,3122210,206301
2024-05-12 14:39:00+00:00,3018385,206052
2024-05-12 14:40:00+00:00,2972910,201581
2024-05-12 14:41:00+00:00,3601341,237206
2024-05-12 14:42:00+00:00,3483735,239620
2024-05-12 14:43:00+00:00,3283149,229145
2024-05-12 14:44:00+00:00,2875868,199815
2024-05-12 14:45:00+00:00,3480255,236814
2024-05-12 14:46:00+00:00,3113065,212580
2024-05-12 14:47:00+00:00,3725998,259099
2024-05-12 14:48:00+00:00,3795210,259368
2024-05-12 14:49:00+00:00,3260051,232550
2024-05-12 14:50:00+00:00,3158807,210707
2024-05-12 14:51:00+00:00,3086814,211885
2024-05-12 14:52:00+00:00,3257936,234412
2024-05-12 14:53:00+00:00,2614384,177903
2024-05-12 14:54:00+00:00,2966469,208985
2024-05-12 14:55:00+00:00,2977978,203563
2024-05-12 14:56:00+00:00,2859298,186754
2024-05-12 14:57:00+00:00,3243933,235912
2024-05-12 14:58:00+00:00,3786966,260333
2024-05-12 14:59:00+00:00,3532437,239469
2024-05-12 15:00:00+00:00,3420365,247410
2024-05-12 15:01:00+00:00,3780922,279965
2024-05-12 15:02:00+00:00,3430116,230285
2024-05-12 15:03:00+00:00,3510600,249851
2024-05-12 15:04:00+00:00,3396932,239930
2024-05-12 15:05:00+00:00,2821264,187288
2024-05-12 15:06:00+00:00,3350710,235770
2024-05-12 15:07:00+00:00,3495073,240061
2024-05-12 15:08:00+00:00,3048374,207905
2024-05-12 15:09:00+00:00,3122604,219071
2024-05-12 15:10:00+00:00,2774363,198288
2024-05-12 15:11:00+00:00,3189234,222127
2024-05-12 15:12:00+00:00,3148061,213401
2024-05-12 15:13:00+00:00,3322728,229527
2024-05-12 15:14:00+00:00,3689825,246427
2024-05-12 15:15:00+00:00,3367233,216469
2024-05-12 15:16:00+00:00,2946739,204950
2024-05-12 15:17:00+00:00,3620056,244809
2024-05-12 15:18:00+00:00,4053622,285828
2024-05-12 15:19:00+00:00,3419073,247334
2024-05-12 15:20:00+00:00,3307252,228706
2024-05-12 15:21:00+00:00,3499906,243089
2024-05-12 15:22:00+00:00,3435519,233545
2024-05-12 15:23:00+00:00,3037904,205195
2024-05-12 15:24:00+00:00,3496742,244416
2024-05-12 15:25:00+00:00,3685692,264484
2024-05-12 15:26:00+00:00,4053090,275404
2024-05-12 15:27:00+00:00,3223862,227366
2024-05-12 15:28:00+00:00,3700791,256693
2024-05-12 15:29:00+00:00,3465604,226495
2024-05-12 15:30:00+00:00,3773223,270673
2024-05-12 15:31:00+00:00,3513857,251328
2024-05-12 15:32:00+00:00,3927944,277374
2024-05-12 15:33:00+00:00,3504054,242042
2024-05-12 15:34:00+00:00,3775658,261041
2024-05-12 15:35:00+00:00,3403853,251748
2024-05-12 15:36:00+00:00,3718350,257842
2024-05-12 15:37:00+00:00,3746225,242653
2024-05-12 15:38:00+00:00,3245134,235276
2024-05-12 15:39:00+00:00,3380882,248491
2024-05-12 15:40:00+00:00,3297689,215542
2024-05-12 15:41:00+00:00,3836965,267244
2024-05-12 15:42:00+00:00,3688372,246265
2024-05-12 15:43:00+00:00,3548831,254998
2024-05-12 15:44:00+00:00,3293041,223974
2024-05-12 15:45:00+00:00,3189093,240361
2024-05-12 15:46:00+00:00,3421317,251441
2024-05-12 15:47:00+00:00,3464757,244620
2024-05-12 15:48:00+00:00,3466551,248472
2024-05-12 15:49:00+00:00,3463115,240259
2024-05-12 15:50:00+00:00,3502518,252063
2024-05-12 15:51:00+00:00,3862971,280913
2024-05-12 15:52:00+00:00,3670194,258027
2024-05-12 15:53:00+00:00,3321658,237910
2024-05-12 15:54:00+00:00,3119214,229671
2024-05-12 15:55:00+00:00,3345565,239604
2024-05-12 15:56:00+00:00,3323594,250187
2024-05-12 15:57:00+00:00,3828327,259103
2024-05-12 15:58:00+00:00,3500789,240940
2024-05-12 15:59:00+00:00,3127415,237513
2024-05-12 16:00:00+00:00,3321323,234500
2024-05-12 16:01:00+00:00,3546759,267617
2024-05-12 16:02:00+00:00,3635757,252033
2024-05-12 16:03:00+00:00,3836249,283369
2024-05-12 16:04:00+00:00,3611649,259583
2024-05-12 16:05:00+00:00,3391541,249257
2024-05-12 16:06:00+00:00,3485566,248417
2024-05-12 16:07:00+00:00,3706009,269010
2024-05-12 16:08:00+00:00,3856113,270255
2024-05-12 16:09:00+00:00,3212496,216405
2024-05-12 16:10:00+00:00,3572518,258040
2024-05-12 16:11:00+00:00,3781597,261445
2024-05-12 16:12:00+00:00,3509876,260373
2024-05-12 16:13:00+00:00,3499167,242097
2024-05-12 16:14:00+00:00,3007116,219789
2024-05-12 16:15:00+00:00,3436765,246707
2024-05-12 16:16:00+00:00,3373986,239724
2024-05-12 16:17:00+00:00,3845402,274216
2024-05-12 16:18:00+00:00,3715438,271996
2024-05-12 16:19:00+00:00,3219010,228080
2024-05-12 16:20:00+00:00,3661631,258279
2024-05-12 16:21:00+00:00,3300416,228599
2024-05-12 16:22:00+00:00,2723541,199417
2024-05-12 16:23:00+00:00,2928386,207412
2024-05-12 16:24:00+00:00,2766502,194602
2024-05-12 16:25:00+00:00,2970370,202188
2024-05-12 16:26:00+00:00,3050394,219360
2024-05-12 16:27:00+00:00,3084881,226264
2024-05-12 16:28:00+00:00,3116659,210375
2024-05-12 16:29:00+00:00,2674588,190520
2024-05-12 16:30:00+00:00,3328015,226127
2024-05-12 16:31:00+00:00,3492243,251412
2024-05-12 16:32:00+00:00,3276184,229964
2024-05-12 16:33:00+00:00,3490759,247381
2024-05-12 16:34:00+00:00,2980839,215579
2024-05-12 16:35:00+00:00,3091337,219685
2024-05-12 16:36:00+00:00,2957987,211831
2024-05-12 16:37:00+00:00,3002410,208987
2024-05-12 16:38:00+00:00,3052717,206039
2024-05-12 16:39:00+00:00,2394168,174771
2024-05-12 16:40:00+00:00,2888663,206356
2024-05-12 16:41:00+00:00,2984631,209712
2024-05-12 16:42:00+00:00,2998169,210748
2024-05-12 16:43:00+00:00,3031332,204927
2024-05-12 16:44:00+00:00,2420127,171900
2024-05-12 16:45:00+00:00,3095077,225265
2024-05-12 16:46:00+00:00,3424941,234632
2024-05-12 16:47:00+00:00,3349196,241052
2024-05-12 16:48:00+00:00,3353755,231947
2024-05-12 16:49:00+00:00,3448771,250491
2024-05-12 16:50:00+00:00,3285843,234362
2024-05-12 16:51:00+00:00,3320164,227859
2024-05-12 16:52:00+00:00,2918564,204561
2024-05-12 16:53:00+00:00,3127940,229651
2024-05-12 16:54:00+00:00,3631701,250464
2024-05-12 16:55:00+00:00,3090732,225463
2024-05-12 16:56:00+00:00,3311213,229381
2024-05-12 16:57:00+00:00,3396113,236503
2024-05-12 16:58:00+00:00,2829844,201792
2024-05-12 16:59:00+00:00,3308879,238150
2024-05-12 17:00:00+00:00,3641268,256258
2024-05-12 17:01:00+00:00,3825536,260142
2024-05-12 17:02:00+00:00,3680213,267906
2024-05-12 17:03:00+00:00,3498969,259977
2024-05-12 17:04:00+00:00,3733638,257640
2024-05-12 17:05:00+00:00,3624792,249143
2024-05-12 17:06:00+00:00,3648278,251779
2024-05-12 17:07:00+00:00,3628793,251637
2024-05-12 17:08:00+00:00,3727525,262990
2024-05-12 17:09:00+00:00,3387744,233285
2024-05-12 17:10:00+00:00,3485284,255242
2024-05-12 17:11:00+00:00,4016831,273771
2024-05-12 17:12:00+00:00,3777689,267805
2024-05-12 17:13:00+00:00,3498924,243828
2024-05-12 17:14:00+00:00,3728727,274700
2024-05-12 17:15:00+00:00,3787561,265041
2024-05-12 17:16:00+00:00,2748363,205980
2024-05-12 17:17:00+00:00,3397085,241706
2024-05-12 17:18:00+00:00,3272014,229468
2024-05-12 17:19:00+00:00,2961415,206882
2024-05-12 17:20:00+00:00,3074453,218125
2024-05-12 17:21:00+00:00,3122684,216886
2024-05-12 17:22:00+00:00,3282224,236846
2024-05-12 17:23:00+00:00,3461837,248837
2024-05-12 17:24:00+00:00,2691987,184319
2024-05-12 17:25:00+00:00,2887377,204899
2024-05-12 17:26:00+00:00,3075751,208146
2024-05-12 17:27:00+00:00,3269853,225999
2024-05-12 17:28:00+00:00,3121087,220186
2024-05-12 17:29:00+00:00,3187191,228076
2024-05-12 17:30:00+00:00,2954890,222612
2024-05-12 17:31:00+00:00,3544242,257716
2024-05-12 17:32:00+00:00,3259487,240168
2024-05-12 17:33:00+00:00,3205565,232839
2024-05-12 17:34:00+00:00,3048042,222491
2024-05-12 17:35:00+00:00,3219195,231202
2024-05-12 17:36:00+00:00,2886726,191124
2024-05-12 17:37:00+00:00,3297798,227111
2024-05-12 17:38:00+00:00,3310546,237110
2024-05-12 17:39:00+00:00,3328769,231341
2024-05-12 17:40:00+00:00,3433344,233611
2024-05-12 17:41:00+00:00,3019420,211127
2024-05-12 17:42:00+00:00,3013463,210746
2024-05-12 17:43:00+00:00,3114304,229177
2024-05-12 17:44:00+00:00,2987049,212882
2024-05-12 17:45:00+00:00,3131953,225128
2024-05-12 17:46:00+00:00,3666810,260292
2024-05-12 17:47:00+00:00,3430619,232025
2024-05-12 17:48:00+00:00,3661655,254949
2024-05-12 17:49:00+00:00,3204010,223766
2024-05-12 17:50:00+00:00,2634747,194699
2024-05-12 17:51:00+00:00,2984859,213263
2024-05-12 17:52:00+00:00,3329260,235571
2024-05-12 17:53:00+00:00,2938558,219151
2024-05-12 17:54:00+00:00,3206102,224379
2024-05-12 17:55:00+00:00,3300737,235245
2024-05-12 17:56:00+00:00,2975352,203177
2024-05-12 17:57:00+00:00,3620034,254378
2024-05-12 17:58:00+00:00,2916125,199376
2024-05-12 17:59:00+00:00,3388213,248407
2024-05-12 18:00:00+00:00,3207080,233170
2024-05-12 18:01:00+00:00,3010179,215392
2024-05-12 18:02:00+00:00,3590083,258200
2024-05-12 18:03:00+00:00,2878662,198405
2024-05-12 18:04:00+00:00,3340428,233613
2024-05-12 18:05:00+00:00,3482724,236813
2024-05-12 18:06:00+00:00,2698032,202611
2024-05-12 18:07:00+00:00,3229279,230009
2024-05-12 18:08:00+00:00,3305580,239275
2024-05-12 18:09:00+00:00,3360589,239299
2024-05-12 18:10:00+00:00,3431834,237378
2024-05-12 18:11:00+00:00,3274116,238365
2024-05-12 18:12:00+00:00,3039627,221282
2024-05-12 18:13:00+00:00,3429526,247327
2024-05-12 18:14:00+00:00,3577169,250563
2024-05-12 18:15:00+00:00,3046394,213070
2024-05-12 18:16:00+00:00,3474949,245735
2024-05-12 18:17:00+00:00,3323563,228842
2024-05-12 18:18:00+00:00,3280227,239691
2024-05-12 18:19:00+00:00,3605360,251696
2024-05-12 18:20:00+00:00,3189496,221994
2024-05-12 18:21:00+00:00,3518090,247951
2024-05-12 18:22:00+00:00,3694677,247685
2024-05-12 18:23:00+00:00,3686052,264245
2024-05-12 18:24:00+00:00,3427963,236950
2024-05-12 18:25:00+00:00,3841279,274994
2024-05-12 18:26:00+00:00,3563443,245008
2024-05-12 18:27:00+00:00,3276377,229744
2024-05-12 18:28:00+00:00,3388928,248206
2024-05-12 18:29:00+00:00,3109553,224455
2024-05-12 18:30:00+00:00,3623240,252272
2024-05-12 18:31:00+00:00,3293654,238880
2024-05-12 18:32:00+00:00,3310652,224747
2024-05-12 18:33:00+00:00,3241288,221486
2024-05-12 18:34:00+00:00,3435964,239662
2024-05-12 18:35:00+00:00,3442623,244134
2024-05-12 18:36:00+00:00,3339978,241505
2024-05-12 18:37:00+00:00,3100415,214806
2024-05-12 18:38:00+00:00,3210260,224033
2024-05-12 18:39:00+00:00,3310192,221873
2024-05-12 18:40:00+00:00,3154255,213902
2024-05-12 18:41:00+00:00,3559908,243415
2024-05-12 18:42:00+00:00,3118094,226090
2024-05-12 18:43:00+00:00,3204657,229825
2024-05-12 18:44:00+00:00,3745788,255535
2024-05-12 18:45:00+00:00,3420631,241763
2024-05-12 18:46:00+00:00,3686843,250748
2024-05-12 18:47:00+00:00,3367167,233709
2024-05-12 18:48:00+00:00,3354541,231658
2024-05-12 18:49:00+00:00,3396650,230302
2024-05-12 18:50:00+00:00,3549206,242047
2024-05-12 18:51:00+00:00,3495710,246844
2024-05-12 18:52:00+00:00,3462402,261358
2024-05-12 18:53:00+00:00,3069836,222609
2024-05-12 18:54:00+00:00,3076658,213705
2024-05-12 18:55:00+00:00,2778470,193898
2024-05-12 18:56:00+00:00,2936522,214358
2024-05-12 18:57:00+00:00,3166851,224494
2024-05-12 18:58:00+00:00,2647062,193469
2024-05-12 18:59:00+00:00,3346337,235120
2024-05-12 19:00:00+00:00,3038661,208000
2024-05-12 19:01:00+00:00,3480626,245309
2024-05-12 19:02:00+00:00,3251699,220529
2024-05-12 19:03:00+00:00,3002973,211152
2024-05-12 19:04:00+00:00,3061949,214516
2024-05-12 19:05:00+00:00,3255530,222251
2024-05-12 19:06:00+00:00,2839395,192768
2024-05-12 19:07:00+00:00,3043547,216342
2024-05-12 19:08:00+00:00,3131061,218105
2024-05-12 19:09:00+00:00,2439101,168469
2024-05-12 19:10:00+00:00,3273920,225565
2024-05-12 19:11:00+00:00,3334445,242135
2024-05-12 19:12:00+00:00,2869077,215118
2024-05-12 19:13:00+00:00,3468706,239372
2024-05-12 19:14:00+00:00,2698233,195399
2024-05-12 19:15:00+00:00,2967952,217260
2024-05-12 19:16:00+00:00,3275594,232815
2024-05-12 19:17:00+00:00,3282789,225051
2024-05-12 19:18:00+00:00,2592872,185805
2024-05-12 19:19:00+00:00,2625877,185689
2024-05-12 19:20:00+00:00,2870899,192623
2024-05-12 19:21:00+00:00,2357512,172406
2024-05-12 19:22:00+00:00,2886830,194539
2024-05-12 19:23:00+00:00,2918362,203507
2024-05-12 19:24:00+00:00,2620540,182907
2024-05-12 19:25:00+00:00,3153361,230843
2024-05-12 19:26:00+00:00,3233708,230211
2024-05-12 19:27:00+00:00,3139018,209420
2024-05-12 19:28:00+00:00,3316260,224441
2024-05-12 19:29:00+00:00,2825516,198166
2024-05-12 19:30:00+00:00,2903239,220318
2024-05-12 19:31:00+00:00,3590165,267975
2024-05-12 19:32:00+00:00,3052873,212779
2024-05-12 19:33:00+00:00,3327919,231590
2024-05-12 19:34:00+00:00,2817303,197788
2024-05-12 19:35:00+00:00,3165812,220808
2024-05-12 19:36:00+00:00,3222731,217286
2024-05-12 19:37:00+00:00,2915686,200333
2024-05-12 19:38:00+00:00,3207038,221428
2024-05-12 19:39:00+00:00,3081563,203889
2024-05-12 19:40:00+00:00,2842080,206761
2024-05-12 19:41:00+00:00,3151930,220270
2024-05-12 19:42:00+00:00,2857968,211892
2024-05-12 19:43:00+00:00,2971002,220334
2024-05-12 19:44:00+00:00,3382385,230527
2024-05-12 19:45:00+00:00,3340931,239439
2024-05-12 19:46:00+00:00,3314021,233406
2024-05-12 19:47:00+00:00,3081273,225939
2024-05-12 19:48:00+00:00,3229682,223478
2024-05-12 19:49:00+00:00,3128435,218895
2024-05-12 19:50:00+00:00,3270986,231606
2024-05-12 19:51:00+00:00,3124387,220155
2024-05-12 19:52:00+00:00,3240924,228534
2024-05-12 19:53:00+00:00,3604835,244638
2024-05-12 19:54:00+00:00,3023623,216039
2024-05-12 19:55:00+00:00,3211223,235112
2024-05-12 19:56:00+00:00,2911917,211268
2024-05-12 19:57:00+00:00,3163564,232317
2024-05-12 19:58:00+00:00,2683873,187461
2024-05-12 19:59:00+00:00,2869947,201566
2024-05-12 20:00:00+00:00,3177958,235631
2024-05-12 20:01:00+00:00,3199717,234445
2024-05-12 20:02:00+00:00,3009808,207203
2024-05-12 20:03:00+00:00,2882931,210827
2024-05-12 20:04:00+00:00,2936417,207632
2024-05-12 20:05:00+00:00,2979731,205811
2024-05-12 20:06:00+00:00,3528389,266615
2024-05-12 20:07:00+00:00,3039025,207277
2024-05-12 20:08:00+00:00,3227775,233249
2024-05-12 20:09:00+00:00,2888415,201154
2024-05-12 20:10:00+00:00,3026079,209298
2024-05-12 20:11:00+00:00,3116961,229213
2024-05-12 20:12:00+00:00,3312737,245030
2024-05-12 20:13:00+00:00,3214501,228498
2024-05-12 20:14:00+00:00,3019064,214568
2024-05-12 20:15:00+00:00,2831218,195335
2024-05-12 20:16:00+00:00,3387318,226091
2024-05-12 20:17:00+00:00,3357175,240981
2024-05-12 20:18:00+00:00,2818220,193604
2024-05-12 20:19:00+00:00,2558201,173786
2024-05-12 20:20:00+00:00,2916193,215205
2024-05-12 20:21:00+00:00,2877278,199932
2024-05-12 20:22:00+00:00,3373569,240334
2024-05-12 20:23:00+00:00,2814818,195081
2024-05-12 20:24:00+00:00,2924746,206269
2024-05-12 20:25:00+00:00,3071415,215677
2024-05-12 20:26:00+00:00,3246302,240050
2024-05-12 20:27:00+00:00,2496813,174470
2024-05-12 20:28:00+00:00,2485384,163846
2024-05-12 20:29:00+00:00,2329713,163033
2024-05-12 20:30:00+00:00,3150382,219547
2024-05-12 20:31:00+00:00,3375668,229656
2024-05-12 20:32:00+00:00,2877841,206460
2024-05-12 20:33:00+00:00,2740805,206098
2024-05-12 20:34:00+00:00,2542030,185705
2024-05-12 20:35:00+00:00,3212259,226781
2024-05-12 20:36:00+00:00,2730572,202357
2024-05-12 20:37:00+00:00,2893047,208483
2024-05-12 20:38:00+00:00,2988427,213933
2024-05-12 20:39:00+00:00,3154974,223586
2024-05-12 20:40:00+00:00,2722673,199572
2024-05-12 20:41:00+00:00,3487522,263158
2024-05-12 20:42:00+00:00,3161059,215238
2024-05-12 20:43:00+00:00,3187446,222578
2024-05-12 20:44:00+00:00,2919015,212725
2024-05-12 20:45:00+00:00,3367182,248159
2024-05-12 20:46:00+00:00,3296318,239092
2024-05-12 20:47:00+00:00,3391652,233031
2024-05-12 20:48:00+00:00,2888216,206333
2024-05-12 20:49:00+00:00,2990824,217861
2024-05-12 20:50:00+00:00,3062737,211481
2024-05-12 20:51:00+00:00,3046101,215436
2024-05-12 20:52:00+00:00,3077396,214082
2024-05-12 20:53:00+00:00,3003254,213949
2024-05-12 20:54:00+00:00,2876528,200966
2024-05-12 20:55:00+00:00,3412672,228895
2024-05-12 20:56:00+00:00,3119048,216639
2024-05-12 20:57:00+00:00,3079089,208149
2024-05-12 20:58:00+00:00,3142509,209042
2024-05-12 20:59:00+00:00,2970344,200722
2024-05-12 21:00:00+00:00,2746349,193135
2024-05-12 21:01:00+00:00,2934437,203277
2024-05-12 21:02:00+00:00,3298784,229373
2024-05-12 21:03:00+00:00,3175443,233683
2024-05-12 21:04:00+00:00,3125740,227089
2024-05-12 21:05:00+00:00,3288075,234342
2024-05-12 21:06:00+00:00,3381744,237935
2024-05-12 21:07:00+00:00,3392543,241816
2024-05-12 21:08:00+00:00,3133212,231686
2024-05-12 21:09:00+00:00,3293637,225855
2024-05-12 21:10:00+00:00,3253067,231393
2024-05-12 21:11:00+00:00,3235330,226344
2024-05-12 21:12:00+00:00,3243306,218351
2024-05-12 21:13:00+00:00,3151030,228174
2024-05-12 21:14:00+00:00,3146576,216867
2024-05-12 21:15:00+00:00,2848475,192601
2024-05-12 21:16:00+00:00,2978677,202923
2024-05-12 21:17:00+00:00,3153021,224261
2024-05-12 21:18:00+00:00,3036714,214301
2024-05-12 21:19:00+00:00,3104123,228058
2024-05-12 21:20:00+00:00,3235706,223660
2024-05-12 21:21:00+00:00,2939745,199415
2024-05-12 21:22:00+00:00,3046005,227594
2024-05-12 21:23:00+00:00,3224840,225430
2024-05-12 21:24:00+00:00,3241303,227451
2024-05-12 21:25:00+00:00,3305898,230314
2024-05-12 21:26:00+00:00,3149222,216372
2024-05-12 21:27:00+00:00,2980488,221333
2024-05-12 21:28:00+00:00,3205393,229098
2024-05-12 21:29:00+00:00,3243820,229700
2024-05-12 21:30:00+00:00,3296942,226796
2024-05-12 21:31:00+00:00,3076340,217875
2024-05-12 21:32:00+00:00,3173386,235277
2024-05-12 21:33:00+00:00,2933189,222761
2024-05-12 21:34:00+00:00,2911612,197972
2024-05-12 21:35:00+00:00,2818877,196786
2024-05-12 21:36:00+00:00,2707125,191182
2024-05-12 21:37:00+00:00,2793074,198618
2024-05-12 21:38:00+00:00,2711567,190798
2024-05-12 21:39:00+00:00,2470950,165486
2024-05-12 21:40:00+00:00,2403458,169623
2024-05-12 21:41:00+00:00,2660957,189973
2024-05-12 21:42:00+00:00,2237035,163084
2024-05-12 21:43:00+00:00,2404081,167527
2024-05-12 21:44:00+00:00,2555424,171397
2024-05-12 21:45:00+00:00,2617309,187222
2024-05-12 21:46:00+00:00,2774216,187684
2024-05-12 21:47:00+00:00,2453643,175001
2024-05-12 21:48:00+00:00,2756814,185022
2024-05-12 21:49:00+00:00,2882231,203748
2024-05-12 21:50:00+00:00,2638154,183379
2024-05-12 21:51:00+00:00,2667059,185879
2024-05-12 21:52:00+00:00,2985063,204537
2024-05-12 21:53:00+00:00,2839708,193530
2024-05-12 21:54:00+00:00,3097723,205290
2024-05-12 21:55:00+00:00,2636660,180739
2024-05-12 21:56:00+00:00,2842494,197357
2024-05-12 21:57:00+00:00,3065825,214799
2024-05-12 21:58:00+00:00,2949711,222440
2024-05-12 21:59:00+00:00,2505606,182679
2024-05-12 22:00:00+00:00,2577611,186500
2024-05-12 22:01:00+00:00,2864123,203499
2024-05-12 22:02:00+00:00,2715356,201934
2024-05-12 22:03:00+00:00,2839427,198945
2024-05-12 22:04:00+00:00,2618511,185995
2024-05-12 22:05:00+00:00,2932412,206531
2024-05-12 22:06:00+00:00,2923203,202906
2024-05-12 22:07:00+00:00,2819921,202315
2024-05-12 22:08:00+00:00,3087215,219841
2024-05-12 22:09:00+00:00,3186811,217335
2024-05-12 22:10:00+00:00,2964137,205992
2024-05-12 22:11:00+00:00,3178494,222885
2024-05-12 22:12:00+00:00,2980948,206654
2024-05-12 22:13:00+00:00,3163914,230483
2024-05-12 22:14:00+00:00,2784041,201638
2024-05-12 22:15:00+00:00,2674599,176531
2024-05-12 22:16:00+00:00,2847793,194134
2024-05-12 22:17:00+00:00,2681142,190206
2024-05-12 22:18:00+00:00,2822463,191792
2024-05-12 22:19:00+00:00,2207473,148155
2024-05-12 22:20:00+00:00,2407160,161298
2024-05-12 22:21:00+00:00,2669754,203833
2024-05-12 22:22:00+00:00,2916306,202844
2024-05-12 22:23:00+00:00,2177339,147760
2024-05-12 22:24:00+00:00,2403200,163326
2024-05-12 22:25:00+00:00,2450114,170494
2024-05-12 22:26:00+00:00,2879329,202840
2024-05-12 22:27:00+00:00,2674188,185271
2024-05-12 22:28:00+00:00,2796637,192312
2024-05-12 22:29:00+00:00,2466224,169457
2024-05-12 22:30:00+00:00,2911236,187464
2024-05-12 22:31:00+00:00,2894370,198733
2024-05-12 22:32:00+00:00,2416078,165620
2024-05-12 22:33:00+00:00,2764735,177849
2024-05-12 22:34:00+00:00,2529033,160105
2024-05-12 22:35:00+00:00,3063128,195294
2024-05-12 22:36:00+00:00,2858365,176654
2024-05-12 22:37:00+00:00,2756758,177964
2024-05-12 22:38:00+00:00,2731311,175213
2024-05-12 22:39:00+00:00,2141567,129469
2024-05-12 22:40:00+00:00,2516867,161264
2024-05-12 22:41:00+00:00,2588470,161964
2024-05-12 22:42:00+00:00,2640995,167507
2024-05-12 22:43:00+00:00,2749107,178473
2024-05-12 22:44:00+00:00,2498752,158485
2024-05-12 22:45:00+00:00,2713312,165719
2024-05-12 22:46:00+00:00,2630233,165464
2024-05-12 22:47:00+00:00,2427606,162793
2024-05-12 22:48:00+00:00,3029980,183401
2024-05-12 22:49:00+00:00,2495238,152951
2024-05-12 22:50:00+00:00,3171952,200823
2024-05-12 22:51:00+00:00,3176669,200665
2024-05-12 22:52:00+00:00,2561532,165657
2024-05-12 22:53:00+00:00,2866715,188779
2024-05-12 22:54:00+00:00,2402780,159502
2024-05-12 22:55:00+00:00,3165771,200383
2024-05-12 22:56:00+00:00,2898173,197231
2024-05-12 22:57:00+00:00,3031109,194533
2024-05-12 22:58:00+00:00,3152464,201137
2024-05-12 22:59:00+00:00,2751964,178490
2024-05-12 23:00:00+00:00,2710299,173633
2024-05-12 23:01:00+00:00,2893451,187209
2024-05-12 23:02:00+00:00,2966363,190399
2024-05-12 23:03:00+00:00,3151058,196267
2024-05-12 23:04:00+00:00,2458922,153297
2024-05-12 23:05:00+00:00,2766828,183101
2024-05-12 23:06:00+00:00,3052046,195492
2024-05-12 23:07:00+00:00,3215001,211864
2024-05-12 23:08:00+00:00,3284231,204815
2024-05-12 23:09:00+00:00,2937620,182569
2024-05-12 23:10:00+00:00,3363989,220253
2024-05-12 23:11:00+00:00,2785391,175150
2024-05-12 23:12:00+00:00,2851487,181012
2024-05-12 23:13:00+00:00,3277305,211932
2024-05-12 23:14:00+00:00,2719444,175640
2024-05-12 23:15:00+00:00,3291295,208225
2024-05-12 23:16:00+00:00,3477111,206861
2024-05-12 23:17:00+00:00,3371145,216668
2024-05-12 23:18:00+00:00,3423041,224396
2024-05-12 23:19:00+00:00,2931358,180517
2024-05-12 23:20:00+00:00,3098443,191533
2024-05-12 23:21:00+00:00,3214190,206001
2024-05-12 23:22:00+00:00,3086530,207975
2024-05-12 23:23:00+00:00,3078567,196178
2024-05-12 23:24:00+00:00,2740451,170274
2024-05-12 23:25:00+00:00,3046447,181456
2024-05-12 23:26:00+00:00,3515605,219527
2024-05-12 23:27:00+00:00,3216322,201490
2024-05-12 23:28:00+00:00,3013536,183511
2024-05-12 23:29:00+00:00,3091911,197564
2024-05-12 23:30:00+00:00,3395469,208873
2024-05-12 23:31:00+00:00,3439279,221852
2024-05-12 23:32:00+00:00,3243358,209895
2024-05-12 23:33:00+00:00,3242341,211029
2024-05-12 23:34:00+00:00,3639382,231985
2024-05-12 23:35:00+00:00,3343771,205551
2024-05-12 23:36:00+00:00,3172115,205208
2024-05-12 23:37:00+00:00,3414697,213325
2024-05-12 23:38:00+00:00,3244982,198929
2024-05-12 23:39:00+00:00,3626774,237188
2024-05-12 23:40:00+00:00,3522944,224411
2024-05-12 23:41:00+00:00,3398241,214093
2024-05-12 23:42:00+00:00,3875353,254657
2024-05-12 23:43:00+00:00,3804862,245739
2024-05-12 23:44:00+00:00,3126149,202606
2024-05-12 23:45:00+00:00,4021089,272559
2024-05-12 23:46:00+00:00,3909899,257359
2024-05-12 23:47:00+00:00,3961997,264102
2024-05-12 23:48:00+00:00,3949114,251245
2024-05-12 23:49:00+00:00,4048262,243078
2024-05-12 23:50:00+00:00,4216542,263991
2024-05-12 23:51:00+00:00,4152485,252714
2024-05-12 23:52:00+00:00,4108596,266495
2024-05-12 23:53:00+00:00,4165151,260066
2024-05-12 23:54:00+00:00,4174777,266810
2024-05-12 23:55:00+00:00,4130068,262632
2024-05-12 23:56:00+00:00,3658524,239551
2024-05-12 23:57:00+00:00,4335786,271254
2024-05-12 23:58:00+00:00,4255311,269777
2024-05-12 23:59:00+00:00,4021217,244956
2024-05-13 00:00:00+00:00,3987214,273970
2024-05-13 00:01:00+00:00,3908605,248131
2024-05-13 00:02:00+00:00,4425993,267836
2024-05-13 00:03:00+00:00,4296685,285233
2024-05-13 00:04:00+00:00,4061807,257436
2024-05-13 00:05:00+00:00,4140798,253670
2024-05-13 00:06:00+00:00,4302753,278565
2024-05-13 00:07:00+00:00,4394257,291199
2024-05-13 00:08:00+00:00,4185609,273241
2024-05-13 00:09:00+00:00,3846380,242833
2024-05-13 00:10:00+00:00,4253491,268184
2024-05-13 00:11:00+00:00,4447889,281033
2024-05-13 00:12:00+00:00,4452238,292196
2024-05-13 00:13:00+00:00,4579329,290099
2024-05-13 00:14:00+00:00,4419881,290018
2024-05-13 00:15:00+00:00,4522566,294196
2024-05-13 00:16:00+00:00,4651538,288269
2024-05-13 00:17:00+00:00,4276609,272764
2024-05-13 00:18:00+00:00,4702048,292499
2024-05-13 00:19:00+00:00,4574694,292714
2024-05-13 00:20:00+00:00,4661310,290362
2024-05-13 00:21:00+00:00,4418856,273895
2024-05-13 00:22:00+00:00,4219232,266670
2024-05-13 00:23:00+00:00,4653168,289569
2024-05-13 00:24:00+00:00,4737046,298020
2024-05-13 00:25:00+00:00,4424853,266391
2024-05-13 00:26:00+00:00,4598233,293632
2024-05-13 00:27:00+00:00,4228742,274528
2024-05-13 00:28:00+00:00,4303211,287671
2024-05-13 00:29:00+00:00,4516968,284837
2024-05-13 00:30:00+00:00,4583506,299284
2024-05-13 00:31:00+00:00,4718985,299408
2024-05-13 00:32:00+00:00,4937203,316774
2024-05-13 00:33:00+00:00,4525855,290590
2024-05-13 00:34:00+00:00,4319008,277069
2024-05-13 00:35:00+00:00,4909985,301212
2024-05-13 00:36:00+00:00,4802410,301557
2024-05-13 00:37:00+00:00,5136992,319454
2024-05-13 00:38:00+00:00,4632078,297275
2024-05-13 00:39:00+00:00,4628012,302811
2024-05-13 00:40:00+00:00,4611938,291411
2024-05-13 00:41:00+00:00,4471332,282226
2024-05-13 00:42:00+00:00,4655757,287249
2024-05-13 00:43:00+00:00,4670250,303038
2024-05-13 00:44:00+00:00,5099930,327850
2024-05-13 00:45:00+00:00,4933076,308501
2024-05-13 00:46:00+00:00,4675591,302018
2024-05-13 00:47:00+00:00,4953686,304215
2024-05-13 00:48:00+00:00,4909107,316260
2024-05-13 00:49:00+00:00,5142332,309794
2024-05-13 00:50:00+00:00,5010684,328625
2024-05-13 00:51:00+00:00,4700768,298833
2024-05-13 00:52:00+00:00,4869333,325480
2024-05-13 00:53:00+00:00,4496683,297934
2024-05-13 00:54:00+00:00,4992413,323820
2024-05-13 00:55:00+00:00,4653067,296355
2024-05-13 00:56:00+00:00,4446586,275884
2024-05-13 00:57:00+00:00,4510945,274871
2024-05-13 00:58:00+00:00,4729227,302719
2024-05-13 00:59:00+00:00,4818761,306059
2024-05-13 01:00:00+00:00,5017969,318137
2024-05-13 01:01:00+00:00,4997921,320318
2024-05-13 01:02:00+00:00,4863002,302313
2024-05-13 01:03:00+00:00,5135322,327362
2024-05-13 01:04:00+00:00,4857570,303669
2024-05-13 01:05:00+00:00,4610301,309568
2024-05-13 01:06:00+00:00,5047189,302221
2024-05-13 01:07:00+00:00,5020549,322320
2024-05-13 01:08:00+00:00,5034347,333449
2024-05-13 01:09:00+00:00,4844240,308924
2024-05-13 01:10:00+00:00,4963340,297926
2024-05-13 01:11:00+00:00,5187598,333350
2024-05-13 01:12:00+00:00,5254368,327333
2024-05-13 01:13:00+00:00,5295378,325342
2024-05-13 01:14:00+00:00,4992803,312905
2024-05-13 01:15:00+00:00,5153761,322665
2024-05-13 01:16:00+00:00,5045385,310219
2024-05-13 01:17:00+00:00,5046083,312886
2024-05-13 01:18:00+00:00,5284771,347277
2024-05-13 01:19:00+00:00,5017255,297048
2024-05-13 01:20:00+00:00,5411724,348346
2024-05-13 01:21:00+00:00,4887077,309942
2024-05-13 01:22:00+00:00,4876371,311632
2024-05-13 01:23:00+00:00,5271909,327747
2024-05-13 01:24:00+00:00,5443848,345530
2024-05-13 01:25:00+00:00,5197873,335007
2024-05-13 01:26:00+00:00,5425443,333683
2024-05-13 01:27:00+00:00,4889773,299904
2024-05-13 01:28:00+00:00,5400275,336067
2024-05-13 01:29:00+00:00,5502050,328781
2024-05-13 01:30:00+00:00,5142141,332322
2024-05-13 01:31:00+00:00,4988545,321786
2024-05-13 01:32:00+00:00,5477758,348682
2024-05-13 01:33:00+00:00,5447420,338352
2024-05-13 01:34:00+00:00,5403127,350829
2024-05-13 01:35:00+00:00,5301466,340684
2024-05-13 01:36:00+00:00,5250622,332668
2024-05-13 01:37:00+00:00,5182482,330025
2024-05-13 01:38:00+00:00,5181321,334830
2024-05-13 01:39:00+00:00,5391012,336196
2024-05-13 01:40:00+00:00,5364425,322915
2024-05-13 01:41:00+00:00,5257566,330251
2024-05-13 01:42:00+00:00,5493468,324207
2024-05-13 01:43:00+00:00,5360285,340172
2024-05-13 01:44:00+00:00,5403873,339945
2024-05-13 01:45:00+00:00,5499085,342806
2024-05-13 01:46:00+00:00,5382874,337009
2024-05-13 01:47:00+00:00,5459293,353784
2024-05-13 01:48:00+00:00,5543654,350825
2024-05-13 01:49:00+00:00,5480399,337655
2024-05-13 01:50:00+00:00,5636799,336043
2024-05-13 01:51:00+00:00,5622544,350072
2024-05-13 01:52:00+00:00,5294721,319196
2024-05-13 01:53:00+00:00,5484088,328012
2024-05-13 01:54:00+00:00,5224663,333320
2024-05-13 01:55:00+00:00,5490340,350274
2024-05-13 01:56:00+00:00,5213172,333148
2024-05-13 01:57:00+00:00,5603005,367265
2024-05-13 01:58:00+00:00,5456951,334464
2024-05-13 01:59:00+00:00,5511750,351310
2024-05-13 02:00:00+00:00,5405039,342767
2024-05-13 02:01:00+00:00,5323875,330221
2024-05-13 02:02:00+00:00,5242383,318587
2024-05-13 02:03:00+00:00,4655579,293939
2024-05-13 02:04:00+00:00,4609219,300443
2024-05-13 02:05:00+00:00,4917707,303256
2024-05-13 02:06:00+00:00,5011497,310960
2024-05-13 02:07:00+00:00,5206663,327792
2024-05-13 02:08:00+00:00,5337660,338538
2024-05-13 02:09:00+00:00,5076389,318233
2024-05-13 02:10:00+00:00,5448945,341098
2024-05-13 02:11:00+00:00,5095559,331828
2024-05-13 02:12:00+00:00,5284254,322950
2024-05-13 02:13:00+00:00,5504004,341807
2024-05-13 02:14:00+00:00,5505197,348656
2024-05-13 02:15:00+00:00,5678315,363188
2024-05-13 02:16:00+00:00,5531742,346348
2024-05-13 02:17:00+00:00,5416398,328290
2024-05-13 02:18:00+00:00,5518857,349446
2024-05-13 02:19:00+00:00,5634337,351869
2024-05-13 02:20:00+00:00,5480336,341588
2024-05-13 02:21:00+00:00,5578288,350310
2024-05-13 02:22:00+00:00,5509070,332588
2024-05-13 02:23:00+00:00,5439003,332771
2024-05-13 02:24:00+00:00,5466250,328430
2024-05-13 02:25:00+00:00,5646064,352856
2024-05-13 02:26:00+00:00,5754116,348519
2024-05-13 02:27:00+00:00,5540475,331289
2024-05-13 02:28:00+00:00,5602022,351741
2024-05-13 02:29:00+00:00,5568235,352800
2024-05-13 02:30:00+00:00,5318685,346021
2024-05-13 02:31:00+00:00,5372171,333995
2024-05-13 02:32:00+00:00,5357642,338283
2024-05-13 02:33:00+00:00,4969987,305347
2024-05-13 02:34:00+00:00,5295113,328117
2024-05-13 02:35:00+00:00,5636341,342980
2024-05-13 02:36:00+00:00,5788004,344778
2024-05-13 02:37:00+00:00,5303388,325485
2024-05-13 02:38:00+00:00,5271266,320885
2024-05-13 02:39:00+00:00,5515711,324757
2024-05-13 02:40:00+00:00,5343624,330489
2024-05-13 02:41:00+00:00,5591403,346133
2024-05-13 02:42:00+00:00,5655452,352427
2024-05-13 02:43:00+00:00,5232136,336366
2024-05-13 02:44:00+00:00,5400276,328744
2024-05-13 02:45:00+00:00,5229620,318533
2024-05-13 02:46:00+00:00,5386982,322630
2024-05-13 02:47:00+00:00,5065138,324405
2024-05-13 02:48:00+00:00,5239475,309232
2024-05-13 02:49:00+00:00,5309777,316355
2024-05-13 02:50:00+00:00,5397867,339924
2024-05-13 02:51:00+00:00,5303262,321398
2024-05-13 02:52:00+00:00,5310315,325767
2024-05-13 02:53:00+00:00,5372414,323326
2024-05-13 02:54:00+00:00,5275825,305147
2024-05-13 02:55:00+00:00,5250622,318116
2024-05-13 02:56:00+00:00,5419921,341327
2024-05-13 02:57:00+00:00,4932984,300246
2024-05-13 02:58:00+00:00,5294025,352551
2024-05-13 02:59:00+00:00,4992162,294247
2024-05-13 03:00:00+00:00,4875561,309549
2024-05-13 03:01:00+00:00,4238833,264906
2024-05-13 03:02:00+00:00,4150057,265392
2024-05-13 03:03:00+00:00,4493400,284651
2024-05-13 03:04:00+00:00,4411975,272664
2024-05-13 03:05:00+00:00,4301070,253366
2024-05-13 03:06:00+00:00,4528032,280475
2024-05-13 03:07:00+00:00,4619580,285419
2024-05-13 03:08:00+00:00,4215519,252848
2024-05-13 03:09:00+00:00,3763550,238937
2024-05-13 03:10:00+00:00,4355870,269376
2024-05-13 03:11:00+00:00,4201893,258086
2024-05-13 03:12:00+00:00,4205649,254704
2024-05-13 03:13:00+00:00,4038224,246459
2024-05-13 03:14:00+00:00,4575382,286433
2024-05-13 03:15:00+00:00,4299014,268434
2024-05-13 03:16:00+00:00,4202671,257304
2024-05-13 03:17:00+00:00,4371698,268757
2024-05-13 03:18:00+00:00,4296996,262044
2024-05-13 03:19:00+00:00,4418946,268093
2024-05-13 03:20:00+00:00,4598913,288087
2024-05-13 03:21:00+00:00,4437784,283880
2024-05-13 03:22:00+00:00,4573079,290495
2024-05-13 03:23:00+00:00,4561472,278091
2024-05-13 03:24:00+00:00,4620387,277368
2024-05-13 03:25:00+00:00,4443797,262502
2024-05-13 03:26:00+00:00,4570003,286473
2024-05-13 03:27:00+00:00,4598344,271077
2024-05-13 03:28:00+00:00,4369864,269471
2024-05-13 03:29:00+00:00,4515105,276095
2024-05-13 03:30:00+00:00,4437820,280574
2024-05-13 03:31:00+00:00,4174946,270282
2024-05-13 03:32:00+00:00,3874098,243371
2024-05-13 03:33:00+00:00,4140453,251250
2024-05-13 03:34:00+00:00,3969585,241833
2024-05-13 03:35:00+00:00,4246519,259229
2024-05-13 03:36:00+00:00,4131005,265459
2024-05-13 03:37:00+00:00,4102563,263671
2024-05-13 03:38:00+00:00,4203195,273767
2024-05-13 03:39:00+00:00,4177489,253284
2024-05-13 03:40:00+00:00,4290839,262793
2024-05-13 03:41:00+00:00,3991261,239229
2024-05-13 03:42:00+00:00,4063500,264692
2024-05-13 03:43:00+00:00,3922517,245051
2024-05-13 03:44:00+00:00,4145587,251583
2024-05-13 03:45:00+00:00,4358168,260410
2024-05-13 03:46:00+00:00,4053738,246335
2024-05-13 03:47:00+00:00,4103619,274197
2024-05-13 03:48:00+00:00,4107904,257367
2024-05-13 03:49:00+00:00,3927606,248012
2024-05-13 03:50:00+00:00,4247768,277591
2024-05-13 03:51:00+00:00,4038434,252906
2024-05-13 03:52:00+00:00,4436229,278871
2024-05-13 03:53:00+00:00,4351589,267605
2024-05-13 03:54:00+00:00,4420863,272967
2024-05-13 03:55:00+00:00,4214933,254099
2024-05-13 03:56:00+00:00,4619397,291289
2024-05-13 03:57:00+00:00,4221964,272375
2024-05-13 03:58:00+00:00,4195044,265127
2024-05-13 03:59:00+00:00,4071488,256972
2024-05-13 04:00:00+00:00,4429029,273674
2024-05-13 04:01:00+00:00,3920231,253002
2024-05-13 04:02:00+00:00,3791979,241117
2024-05-13 04:03:00+00:00,3956043,234487
2024-05-13 04:04:00+00:00,4360570,273894
2024-05-13 04:05:00+00:00,3887399,249890
2024-05-13 04:06:00+00:00,4122229,261220
2024-05-13 04:07:00+00:00,3895756,251954
2024-05-13 04:08:00+00:00,3901886,242004
2024-05-13 04:09:00+00:00,3925010,234389
2024-05-13 04:10:00+00:00,4170253,266202
2024-05-13 04:11:00+00:00,4360376,279277
2024-05-13 04:12:00+00:00,3918218,257275
2024-05-13 04:13:00+00:00,3804109,232421
2024-05-13 04:14:00+00:00,3769205,236813
2024-05-13 04:15:00+00:00,4154539,264598
2024-05-13 04:16:00+00:00,4477793,283160
2024-05-13 04:17:00+00:00,4496972,273009
2024-05-13 04:18:00+00:00,4883000,314636
2024-05-13 04:19:00+00:00,4657332,295967
2024-05-13 04:20:00+00:00,4511992,282300
2024-05-13 04:21:00+00:00,4386669,278168
2024-05-13 04:22:00+00:00,4689968,287167
2024-05-13 04:23:00+00:00,4541197,275934
2024-05-13 04:24:00+00:00,4600621,285610
2024-05-13 04:25:00+00:00,4616075,303414
2024-05-13 04:26:00+00:00,4661628,292843
2024-05-13 04:27:00+00:00,4590751,293031
2024-05-13 04:28:00+00:00,4133141,255314
2024-05-13 04:29:00+00:00,4413009,275209
2024-05-13 04:30:00+00:00,4151815,264658
2024-05-13 04:31:00+00:00,4456954,291073
2024-05-13 04:32:00+00:00,4019719,246724
2024-05-13 04:33:00+00:00,3982766,252684
2024-05-13 04:34:00+00:00,4047083,249384
2024-05-13 04:35:00+00:00,4481823,293151
2024-05-13 04:36:00+00:00,4379754,270294
2024-05-13 04:37:00+00:00,4478275,283305
2024-05-13 04:38:00+00:00,4352355,281455
2024-05-13 04:39:00+00:00,4268052,269349
2024-05-13 04:40:00+00:00,4397765,267056
2024-05-13 04:41:00+00:00,5000239,310722
2024-05-13 04:42:00+00:00,4885307,320471
2024-05-13 04:43:00+00:00,4370119,277116
2024-05-13 04:44:00+00:00,4229746,270117
2024-05-13 04:45:00+00:00,4318813,270293
2024-05-13 04:46:00+00:00,4379141,276574
2024-05-13 04:47:00+00:00,4309921,273180
2024-05-13 04:48:00+00:00,4539196,301271
2024-05-13 04:49:00+00:00,4189735,271993
2024-05-13 04:50:00+00:00,4568570,286986
2024-05-13 04:51:00+00:00,4785489,298422
2024-05-13 04:52:00+00:00,4877927,313297
2024-05-13 04:53:00+00:00,4811502,302138
2024-05-13 04:54:00+00:00,4883596,303682
2024-05-13 04:55:00+00:00,4941797,313424
2024-05-13 04:56:00+00:00,4897823,304053
2024-05-13 04:57:00+00:00,5174769,324117
2024-05-13 04:58:00+00:00,4840868,300935
2024-05-13 04:59:00+00:00,4748144,300367
2024-05-13 05:00:00+00:00,4455471,287287
2024-05-13 05:01:00+00:00,4829651,309428
2024-05-13 05:02:00+00:00,5058193,320786
2024-05-13 05:03:00+00:00,4412937,273150
2024-05-13 05:04:00+00:00,4830322,300697
2024-05-13 05:05:00+00:00,4537766,292255
2024-05-13 05:06:00+00:00,4812405,308994
2024-05-13 05:07:00+00:00,4575398,283490
2024-05-13 05:08:00+00:00,4752175,288499
2024-05-13 05:09:00+00:00,3998251,247085
2024-05-13 05:10:00+00:00,4523359,297680
2024-05-13 05:11:00+00:00,4610635,308193
2024-05-13 05:12:00+00:00,4074754,271067
2024-05-13 05:13:00+00:00,4637617,286895
2024-05-13 05:14:00+00:00,4320645,277489
2024-05-13 05:15:00+00:00,4629103,301471
2024-05-13 05:16:00+00:00,4521234,275008
2024-05-13 05:17:00+00:00,4334914,274279
2024-05-13 05:18:00+00:00,4791210,289237
2024-05-13 05:19:00+00:00,4538065,281508
2024-05-13 05:20:00+00:00,4595534,291209
2024-05-13 05:21:00+00:00,4569334,293430
2024-05-13 05:22:00+00:00,4310676,278643
2024-05-13 05:23:00+00:00,4404394,273029
2024-05-13 05:24:00+00:00,4447554,284269
2024-05-13 05:25:00+00:00,4821002,295729
2024-05-13 05:26:00+00:00,4460601,284634
2024-05-13 05:27:00+00:00,4185401,265939
2024-05-13 05:28:00+00:00,4607505,290657
2024-05-13 05:29:00+00:00,4522640,288384
2024-05-13 05:30:00+00:00,4721174,309897
2024-05-13 05:31:00+00:00,5213346,332667
2024-05-13 05:32:00+00:00,4463539,294903
2024-05-13 05:33:00+00:00,5139412,330503
2024-05-13 05:34:00+00:00,4892664,313620
2024-05-13 05:35:00+00:00,5060963,336614
2024-05-13 05:36:00+00:00,4751375,294965
2024-05-13 05:37:00+00:00,5195379,327392
2024-05-13 05:38:00+00:00,5210122,341596
2024-05-13 05:39:00+00:00,4677903,293206
2024-05-13 05:40:00+00:00,5173248,308087
2024-05-13 05:41:00+00:00,5226617,320344
2024-05-13 05:42:00+00:00,5453581,332607
2024-05-13 05:43:00+00:00,4906171,303378
2024-05-13 05:44:00+00:00,5167945,334110
2024-05-13 05:45:00+00:00,5094661,326155
2024-05-13 05:46:00+00:00,5224970,340616
2024-05-13 05:47:00+00:00,5136135,308790
2024-05-13 05:48:00+00:00,5004102,319111
2024-05-13 05:49:00+00:00,4949455,326877
2024-05-13 05:50:00+00:00,5336378,324321
2024-05-13 05:51:00+00:00,4956871,317107
2024-05-13 05:52:00+00:00,5368295,343860
2024-05-13 05:53:00+00:00,5322594,348499
2024-05-13 05:54:00+00:00,5000003,314362
2024-05-13 05:55:00+00:00,5172921,328281
2024-05-13 05:56:00+00:00,5183286,339273
2024-05-13 05:57:00+00:00,5372217,354483
2024-05-13 05:58:00+00:00,5202360,338385
2024-05-13 05:59:00+00:00,5447174,351700
2024-05-13 06:00:00+00:00,5161076,330642
2024-05-13 06:01:00+00:00,5072048,322735
2024-05-13 06:02:00+00:00,5037874,321501
2024-05-13 06:03:00+00:00,5005889,316833
2024-05-13 06:04:00+00:00,4804693,307091
2024-05-13 06:05:00+00:00,4889683,312395
2024-05-13 06:06:00+00:00,4749515,320569
2024-05-13 06:07:00+00:00,4438769,278378
2024-05-13 06:08:00+00:00,5168181,340794
2024-05-13 06:09:00+00:00,5701820,348335
2024-05-13 06:10:00+00:00,5371332,339082
2024-05-13 06:11:00+00:00,5179725,335708
2024-05-13 06:12:00+00:00,5475879,365167
2024-05-13 06:13:00+00:00,5261855,341968
2024-05-13 06:14:00+00:00,5342328,339635
2024-05-13 06:15:00+00:00,5431974,348568
2024-05-13 06:16:00+00:00,5402822,335237
2024-05-13 06:17:00+00:00,5533518,360408
2024-05-13 06:18:00+00:00,5472362,362188
2024-05-13 06:19:00+00:00,5525884,374919
2024-05-13 06:20:00+00:00,5593610,344298
2024-05-13 06:21:00+00:00,5402371,370166
2024-05-13 06:22:00+00:00,5468282,346909
2024-05-13 06:23:00+00:00,5626242,353383
2024-05-13 06:24:00+00:00,5583294,345710
2024-05-13 06:25:00+00:00,5741408,368050
2024-05-13 06:26:00+00:00,5518760,348773
2024-05-13 06:27:00+00:00,5621935,350382
2024-05-13 06:28:00+00:00,5692044,350048
2024-05-13 06:29:00+00:00,5853728,372780
2024-05-13 06:30:00+00:00,5315415,332725
2024-05-13 06:31:00+00:00,5747731,363189
2024-05-13 06:32:00+00:00,5010653,321574
2024-05-13 06:33:00+00:00,4663924,302656
2024-05-13 06:34:00+00:00,5134440,332079
2024-05-13 06:35:00+00:00,6120134,384289
2024-05-13 06:36:00+00:00,5455606,342786
2024-05-13 06:37:00+00:00,5985885,380652
2024-05-13 06:38:00+00:00,5914334,378365
2024-05-13 06:39:00+00:00,5383430,337476
2024-05-13 06:40:00+00:00,5391970,332411
2024-05-13 06:41:00+00:00,5659859,369300
2024-05-13 06:42:00+00:00,6130643,388875
2024-05-13 06:43:00+00:00,5495795,347047
2024-05-13 06:44:00+00:00,5894298,372162
2024-05-13 06:45:00+00:00,5765793,360852
2024-05-13 06:46:00+00:00,5263392,330852
2024-05-13 06:47:00+00:00,5838282,382207
2024-05-13 06:48:00+00:00,6181277,419232
2024-05-13 06:49:00+00:00,6318107,424708
2024-05-13 06:50:00+00:00,5854206,358868
2024-05-13 06:51:00+00:00,5918996,371707
2024-05-13 06:52:00+00:00,5479195,354696
2024-05-13 06:53:00+00:00,5793870,372300
2024-05-13 06:54:00+00:00,6077832,380331
2024-05-13 06:55:00+00:00,5718393,371170
2024-05-13 06:56:00+00:00,6114940,395710
2024-05-13 06:57:00+00:00,5713730,357780
2024-05-13 06:58:00+00:00,5932785,380974
2024-05-13 06:59:00+00:00,5910518,389326
2024-05-13 07:00:00+00:00,5422239,349269
2024-05-13 07:01:00+00:00,5579614,350945
2024-05-13 07:02:00+00:00,5720038,358993
2024-05-13 07:03:00+00:00,5767015,369225
2024-05-13 07:04:00+00:00,5191094,332924
2024-05-13 07:05:00+00:00,5696606,358630
2024-05-13 07:06:00+00:00,5618857,350059
2024-05-13 07:07:00+00:00,6105021,400531
2024-05-13 07:08:00+00:00,6421266,413103
2024-05-13 07:09:00+00:00,6037171,392871
2024-05-13 07:10:00+00:00,6112464,406775
2024-05-13 07:11:00+00:00,6047519,382574
2024-05-13 07:12:00+00:00,5382956,337145
2024-05-13 07:13:00+00:00,5567410,358147
2024-05-13 07:14:00+00:00,5662268,364299
2024-05-13 07:15:00+00:00,5257492,348225
2024-05-13 07:16:00+00:00,5391436,346875
2024-05-13 07:17:00+00:00,4756487,312065
2024-05-13 07:18:00+00:00,5211656,336926
2024-05-13 07:19:00+00:00,5130061,335749
2024-05-13 07:20:00+00:00,5031695,317664
2024-05-13 07:21:00+00:00,4798457,292483
2024-05-13 07:22:00+00:00,4833298,316242
2024-05-13 07:23:00+00:00,5538757,356650
2024-05-13 07:24:00+00:00,5129145,337156
2024-05-13 07:25:00+00:00,4926002,312366
2024-05-13 07:26:00+00:00,5008915,326405
2024-05-13 07:27:00+00:00,5398525,354973
2024-05-13 07:28:00+00:00,5336462,349131
2024-05-13 07:29:00+00:00,5035817,319366
2024-05-13 07:30:00+00:00,6084204,396045
2024-05-13 07:31:00+00:00,5496967,363079
2024-05-13 07:32:00+00:00,5660243,349627
2024-05-13 07:33:00+00:00,6077253,391582
2024-05-13 07:34:00+00:00,6581061,438228
2024-05-13 07:35:00+00:00,5986018,380820
2024-05-13 07:36:00+00:00,5918096,386947
2024-05-13 07:37:00+00:00,5348591,357440
2024-05-13 07:38:00+00:00,5479331,354069
2024-05-13 07:39:00+00:00,5346986,331698
2024-05-13 07:40:00+00:00,5225658,336936
2024-05-13 07:41:00+00:00,5895740,382837
2024-05-13 07:42:00+00:00,5672138,359576
2024-05-13 07:43:00+00:00,6145804,403196
2024-05-13 07:44:00+00:00,6241147,408165
2024-05-13 07:45:00+00:00,5880190,371099
2024-05-13 07:46:00+00:00,5846473,378534
2024-05-13 07:47:00+00:00,6526667,426729
2024-05-13 07:48:00+00:00,6016235,385438
2024-05-13 07:49:00+00:00,6205845,394723
2024-05-13 07:50:00+00:00,6563696,434207
2024-05-13 07:51:00+00:00,5412589,360088
2024-05-13 07:52:00+00:00,5651559,366762
2024-05-13 07:53:00+00:00,5933556,384440
2024-05-13 07:54:00+00:00,5175219,331679
2024-05-13 07:55:00+00:00,5135704,360958
2024-05-13 07:56:00+00:00,5583023,358732
2024-05-13 07:57:00+00:00,5860718,405506
2024-05-13 07:58:00+00:00,6142842,405443
2024-05-13 07:59:00+00:00,5690420,373011
2024-05-13 08:00:00+00:00,5915458,384792
2024-05-13 08:01:00+00:00,5870995,371703
2024-05-13 08:02:00+00:00,6295884,399336
2024-05-13 08:03:00+00:00,6541758,421327
2024-05-13 08:04:00+00:00,6607718,423514
2024-05-13 08:05:00+00:00,6051405,400571
2024-05-13 08:06:00+00:00,6348133,410599
2024-05-13 08:07:00+00:00,6037552,389572
2024-05-13 08:08:00+00:00,5967946,388417
2024-05-13 08:09:00+00:00,6261668,402180
2024-05-13 08:10:00+00:00,6040474,394237
2024-05-13 08:11:00+00:00,5786043,380043
2024-05-13 08:12:00+00:00,5970222,393276
2024-05-13 08:13:00+00:00,6513987,425605
2024-05-13 08:14:00+00:00,6164376,416369
2024-05-13 08:15:00+00:00,6041690,411164
2024-05-13 08:16:00+00:00,6581229,420330
2024-05-13 08:17:00+00:00,6195007,390395
2024-05-13 08:18:00+00:00,6455296,406066
2024-05-13 08:19:00+00:00,6042725,398245
2024-05-13 08:20:00+00:00,6031743,385724
2024-05-13 08:21:00+00:00,5974674,397538
2024-05-13 08:22:00+00:00,5979978,386329
2024-05-13 08:23:00+00:00,6127509,385667
2024-05-13 08:24:00+00:00,5834058,381418
2024-05-13 08:25:00+00:00,5844715,377529
2024-05-13 08:26:00+00:00,5486717,348279
2024-05-13 08:27:00+00:00,6012664,391714
2024-05-13 08:28:00+00:00,5033660,323523
2024-05-13 08:29:00+00:00,5993656,390293
2024-05-13 08:30:00+00:00,6249749,389199
2024-05-13 08:31:00+00:00,5570567,349945
2024-05-13 08:32:00+00:00,5836658,376186
2024-05-13 08:33:00+00:00,6081850,411301
2024-05-13 08:34:00+00:00,6069175,388403
2024-05-13 08:35:00+00:00,5701081,377009
2024-05-13 08:36:00+00:00,5430661,344368
2024-05-13 08:37:00+00:00,5416798,352530
2024-05-13 08:38:00+00:00,4830260,310738
2024-05-13 08:39:00+00:00,5146085,328924
2024-05-13 08:40:00+00:00,5576163,358139
2024-05-13 08:41:00+00:00,5378703,346291
2024-05-13 08:42:00+00:00,6114439,415260
2024-05-13 08:43:00+00:00,5830662,382117
2024-05-13 08:44:00+00:00,5729344,360882
2024-05-13 08:45:00+00:00,4964854,326418
2024-05-13 08:46:00+00:00,5716253,379784
2024-05-13 08:47:00+00:00,5924242,383119
2024-05-13 08:48:00+00:00,5107053,320403
2024-05-13 08:49:00+00:00,5522766,355261
2024-05-13 08:50:00+00:00,5724901,369787
2024-05-13 08:51:00+00:00,5746812,364673
2024-05-13 08:52:00+00:00,5994091,385870
2024-05-13 08:53:00+00:00,5655332,376131
2024-05-13 08:54:00+00:00,5582526,358953
2024-05-13 08:55:00+00:00,5851882,377618
2024-05-13 08:56:00+00:00,6243905,422920
2024-05-13 08:57:00+00:00,6404933,407165
2024-05-13 08:58:00+00:00,6514576,428256
2024-05-13 08:59:00+00:00,6134745,402729
2024-05-13 09:00:00+00:00,5489286,364952
2024-05-13 09:01:00+00:00,5600889,362476
2024-05-13 09:02:00+00:00,5644542,352843
2024-05-13 09:03:00+00:00,5669866,362293
2024-05-13 09:04:00+00:00,5634209,371937
2024-05-13 09:05:00+00:00,5568994,379069
2024-05-13 09:06:00+00:00,5437472,347526
2024-05-13 09:07:00+00:00,5553056,345986
2024-05-13 09:08:00+00:00,5479872,348248
2024-05-13 09:09:00+00:00,5393067,321742
2024-05-13 09:10:00+00:00,5617324,353384
2024-05-13 09:11:00+00:00,5368826,373003
2024-05-13 09:12:00+00:00,5364638,343880
2024-05-13 09:13:00+00:00,5641587,365555
2024-05-13 09:14:00+00:00,5271147,344127
2024-05-13 09:15:00+00:00,5385167,346671
2024-05-13 09:16:00+00:00,5023156,332015
2024-05-13 09:17:00+00:00,5329058,356813
2024-05-13 09:18:00+00:00,4799843,320660
2024-05-13 09:19:00+00:00,5312085,341263
2024-05-13 09:20:00+00:00,4955151,329622
2024-05-13 09:21:00+00:00,5560012,353526
2024-05-13 09:22:00+00:00,5024638,322140
2024-05-13 09:23:00+00:00,5085789,326416
2024-05-13 09:24:00+00:00,5513629,382472
2024-05-13 09:25:00+00:00,5689903,380416
2024-05-13 09:26:00+00:00,4902035,310282
2024-05-13 09:27:00+00:00,5175805,316070
2024-05-13 09:28:00+00:00,5432375,344038
2024-05-13 09:29:00+00:00,5431909,377961
2024-05-13 09:30:00+00:00,5808571,383076
2024-05-13 09:31:00+00:00,5231996,336244
2024-05-13 09:32:00+00:00,5080342,317310
2024-05-13 09:33:00+00:00,4733746,306246
2024-05-13 09:34:00+00:00,4929383,305917
2024-05-13 09:35:00+00:00,5017820,326735
2024-05-13 09:36:00+00:00,5031838,328363
2024-05-13 09:37:00+00:00,5346567,342444
2024-05-13 09:38:00+00:00,4552524,298184
2024-05-13 09:39:00+00:00,4931213,308000
2024-05-13 09:40:00+00:00,5289009,332619
2024-05-13 09:41:00+00:00,4984737,319160
2024-05-13 09:42:00+00:00,5313452,349321
2024-05-13 09:43:00+00:00,4707166,316725
2024-05-13 09:44:00+00:00,4714130,302055
2024-05-13 09:45:00+00:00,4647608,298494
2024-05-13 09:46:00+00:00,5196492,337289
2024-05-13 09:47:00+00:00,5073531,336719
2024-05-13 09:48:00+00:00,5134124,346775
2024-05-13 09:49:00+00:00,4791869,323867
2024-05-13 09:50:00+00:00,4856701,308218
2024-05-13 09:51:00+00:00,5381779,363441
2024-05-13 09:52:00+00:00,4983735,316895
2024-05-13 09:53:00+00:00,4699872,297102
2024-05-13 09:54:00+00:00,5296611,346545
2024-05-13 09:55:00+00:00,5496647,341483
2024-05-13 09:56:00+00:00,4909514,341667
2024-05-13 09:57:00+00:00,5024294,328845
2024-05-13 09:58:00+00:00,4836136,319360
2024-05-13 09:59:00+00:00,5115794,344015
2024-05-13 10:00:00+00:00,5520775,360059
2024-05-13 10:01:00+00:00,5485224,357639
2024-05-13 10:02:00+00:00,5673242,372640
2024-05-13 10:03:00+00:00,5450756,354893
2024-05-13 10:04:00+00:00,5349622,344290
2024-05-13 10:05:00+00:00,5214618,342438
2024-05-13 10:06:00+00:00,5445561,351358
2024-05-13 10:07:00+00:00,5584879,367303
2024-05-13 10:08:00+00:00,5351108,344960
2024-05-13 10:09:00+00:00,5194630,326174
2024-05-13 10:10:00+00:00,5102646,333059
2024-05-13 10:11:00+00:00,4865246,300175
2024-05-13 10:12:00+00:00,4566259,286777
2024-05-13 10:13:00+00:00,5013131,323210
2024-05-13 10:14:00+00:00,5085086,320284
2024-05-13 10:15:00+00:00,5237891,331996
2024-05-13 10:16:00+00:00,5305104,350472
2024-05-13 10:17:00+00:00,5289038,346592
2024-05-13 10:18:00+00:00,4870714,311278
2024-05-13 10:19:00+00:00,4684068,298881
2024-05-13 10:20:00+00:00,5179737,332652
2024-05-13 10:21:00+00:00,5072352,327746
2024-05-13 10:22:00+00:00,5406061,343473
2024-05-13 10:23:00+00:00,4920986,317468
2024-05-13 10:24:00+00:00,4795571,302098
2024-05-13 10:25:00+00:00,5506218,360331
2024-05-13 10:26:00+00:00,5062976,322216
2024-05-13 10:27:00+00:00,4834531,312264
2024-05-13 10:28:00+00:00,5104097,348047
2024-05-13 10:29:00+00:00,4960848,323184
2024-05-13 10:30:00+00:00,5185129,345575
2024-05-13 10:31:00+00:00,5334468,343757
2024-05-13 10:32:00+00:00,5267378,358147
2024-05-13 10:33:00+00:00,5061343,346223
2024-05-13 10:34:00+00:00,4993676,330380
2024-05-13 10:35:00+00:00,4899037,327447
2024-05-13 10:36:00+00:00,4837534,320118
2024-05-13 10:37:00+00:00,4731039,328369
2024-05-13 10:38:00+00:00,4929060,322311
2024-05-13 10:39:00+00:00,5348992,354097
2024-05-13 10:40:00+00:00,5422479,356874
2024-05-13 10:41:00+00:00,5186133,331295
2024-05-13 10:42:00+00:00,5113446,323948
2024-05-13 10:43:00+00:00,5319138,339077
2024-05-13 10:44:00+00:00,5247876,340098
2024-05-13 10:45:00+00:00,5438174,356014
2024-05-13 10:46:00+00:00,5262724,334072
2024-05-13 10:47:00+00:00,5500562,352348
2024-05-13 10:48:00+00:00,5494773,356053
2024-05-13 10:49:00+00:00,5245432,334357
2024-05-13 10:50:00+00:00,5533993,353599
2024-05-13 10:51:00+00:00,5427149,354478
2024-05-13 10:52:00+00:00,5014253,334629
2024-05-13 10:53:00+00:00,5256140,348257
2024-05-13 10:54:00+00:00,4869526,314648
2024-05-13 10:55:00+00:00,5410783,358341
2024-05-13 10:56:00+00:00,5641734,369497
2024-05-13 10:57:00+00:00,5669224,369424
2024-05-13 10:58:00+00:00,5627806,371764
2024-05-13 10:59:00+00:00,5538504,364905
2024-05-13 11:00:00+00:00,5255263,334335
2024-05-13 11:01:00+00:00,5375247,358150
2024-05-13 11:02:00+00:00,5527958,361531
2024-05-13 11:03:00+00:00,5227044,336910
2024-05-13 11:04:00+00:00,5327318,351244
2024-05-13 11:05:00+00:00,4873201,320255
2024-05-13 11:06:00+00:00,5307626,338469
2024-05-13 11:07:00+00:00,5654518,363338
2024-05-13 11:08:00+00:00,5393650,356803
2024-05-13 11:09:00+00:00,5383390,361922
2024-05-13 11:10:00+00:00,5440807,373794
2024-05-13 11:11:00+00:00,5470717,350682
2024-05-13 11:12:00+00:00,5533784,366484
2024-05-13 11:13:00+00:00,5363574,351098
2024-05-13 11:14:00+00:00,5238782,342448
2024-05-13 11:15:00+00:00,5385235,365762
2024-05-13 11:16:00+00:00,5439553,358964
2024-05-13 11:17:00+00:00,5765368,357977
2024-05-13 11:18:00+00:00,5733817,367809
2024-05-13 11:19:00+00:00,5272708,342557
2024-05-13 11:20:00+00:00,5638684,369067
2024-05-13 11:21:00+00:00,5448010,360379
2024-05-13 11:22:00+00:00,5734376,368086
2024-05-13 11:23:00+00:00,5562414,358402
2024-05-13 11:24:00+00:00,5762520,394865
2024-05-13 11:25:00+00:00,5639567,359355
2024-05-13 11:26:00+00:00,5407171,339652
2024-05-13 11:27:00+00:00,5552980,358374
2024-05-13 11:28:00+00:00,5822084,383561
2024-05-13 11:29:00+00:00,5435635,357770
2024-05-13 11:30:00+00:00,5385308,351306
2024-05-13 11:31:00+00:00,5576114,369207
2024-05-13 11:32:00+00:00,5105385,344286
2024-05-13 11:33:00+00:00,5276683,359163
2024-05-13 11:34:00+00:00,5325923,347092
2024-05-13 11:35:00+00:00,5363892,342709
2024-05-13 11:36:00+00:00,5297165,348788
2024-05-13 11:37:00+00:00,5702401,368037
2024-05-13 11:38:00+00:00,5717389,368878
2024-05-13 11:39:00+00:00,5304464,342786
2024-05-13 11:40:00+00:00,5359130,332093
2024-05-13 11:41:00+00:00,5371977,353236
2024-05-13 11:42:00+00:00,5789204,365548
2024-05-13 11:43:00+00:00,5424443,345836
2024-05-13 11:44:00+00:00,5661427,361429
2024-05-13 11:45:00+00:00,5383487,342680
2024-05-13 11:46:00+00:00,5393599,356535
2024-05-13 11:47:00+00:00,5499875,351129
2024-05-13 11:48:00+00:00,4827275,307316
2024-05-13 11:49:00+00:00,4996673,343142
2024-05-13 11:50:00+00:00,4889830,304761
2024-05-13 11:51:00+00:00,5328901,343928
2024-05-13 11:52:00+00:00,5664452,353150
2024-05-13 11:53:00+00:00,5537782,353515
2024-05-13 11:54:00+00:00,5096936,334509
2024-05-13 11:55:00+00:00,5215141,327288
2024-05-13 11:56:00+00:00,5287755,350332
2024-05-13 11:57:00+00:00,5099448,329934
2024-05-13 11:58:00+00:00,5416177,351432
2024-05-13 11:59:00+00:00,5139592,320925
2024-05-13 12:00:00+00:00,5487128,370148
2024-05-13 12:01:00+00:00,5347999,340131
2024-05-13 12:02:00+00:00,5551416,367667
2024-05-13 12:03:00+00:00,4964887,324351
2024-05-13 12:04:00+00:00,5110219,324516
2024-05-13 12:05:00+00:00,5378760,349131
2024-05-13 12:06:00+00:00,5494722,362048
2024-05-13 12:07:00+00:00,5295086,364195
2024-05-13 12:08:00+00:00,5184339,343321
2024-05-13 12:09:00+00:00,5181963,323841
2024-05-13 12:10:00+00:00,5208594,352177
2024-05-13 12:11:00+00:00,5340413,339352
2024-05-13 12:12:00+00:00,5607784,363794
2024-05-13 12:13:00+00:00,5579574,354597
2024-05-13 12:14:00+00:00,5658287,359511
2024-05-13 12:15:00+00:00,5505429,355610
2024-05-13 12:16:00+00:00,5796054,374111
2024-05-13 12:17:00+00:00,5008640,331706
2024-05-13 12:18:00+00:00,4765588,317951
2024-05-13 12:19:00+00:00,5030441,326228
2024-05-13 12:20:00+00:00,5445795,350988
2024-05-13 12:21:00+00:00,5393995,342446
2024-05-13 12:22:00+00:00,5573738,371402
2024-05-13 12:23:00+00:00,5864761,379663
2024-05-13 12:24:00+00:00,5097872,319045
2024-05-13 12:25:00+00:00,5884201,390499
2024-05-13 12:26:00+00:00,5315510,332887
2024-05-13 12:27:00+00:00,5782071,370098
2024-05-13 12:28:00+00:00,5349159,340847
2024-05-13 12:29:00+00:00,5243206,331936
2024-05-13 12:30:00+00:00,5367497,336938
2024-05-13 12:31:00+00:00,5624654,366919
2024-05-13 12:32:00+00:00,5955084,364434
2024-05-13 12:33:00+00:00,6498308,428132
2024-05-13 12:34:00+00:00,5940991,377076
2024-05-13 12:35:00+00:00,5806516,372056
2024-05-13 12:36:00+00:00,5716558,375348
2024-05-13 12:37:00+00:00,6130865,390989
2024-05-13 12:38:00+00:00,5668945,365985
2024-05-13 12:39:00+00:00,6149681,413103
2024-05-13 12:40:00+00:00,5778422,382642
2024-05-13 12:41:00+00:00,5785168,375895
2024-05-13 12:42:00+00:00,5103063,331873
2024-05-13 12:43:00+00:00,5321214,345047
2024-05-13 12:44:00+00:00,5744042,376912
2024-05-13 12:45:00+00:00,6476410,411452
2024-05-13 12:46:00+00:00,6379648,401586
2024-05-13 12:47:00+00:00,5708321,375869
2024-05-13 12:48:00+00:00,5982858,401490
2024-05-13 12:49:00+00:00,5537780,360648
2024-05-13 12:50:00+00:00,5907658,386996
2024-05-13 12:51:00+00:00,5479349,371421
2024-05-13 12:52:00+00:00,6216027,399752
2024-05-13 12:53:00+00:00,5571198,347389
2024-05-13 12:54:00+00:00,5403881,346283
2024-05-13 12:55:00+00:00,6689026,420076
2024-05-13 12:56:00+00:00,5786122,354281
2024-05-13 12:57:00+00:00,6398136,413797
2024-05-13 12:58:00+00:00,5388412,349087
2024-05-13 12:59:00+00:00,5161555,341660
2024-05-13 13:00:00+00:00,6381711,413378
2024-05-13 13:01:00+00:00,6354707,423428
2024-05-13 13:02:00+00:00,5768650,372018
2024-05-13 13:03:00+00:00,5937348,380551
2024-05-13 13:04:00+00:00,5725710,379437
2024-05-13 13:05:00+00:00,5789609,363267
2024-05-13 13:06:00+00:00,6392593,401533
2024-05-13 13:07:00+00:00,6114005,396849
2024-05-13 13:08:00+00:00,5575736,366430
2024-05-13 13:09:00+00:00,5808489,391269
2024-05-13 13:10:00+00:00,5995289,389514
2024-05-13 13:11:00+00:00,6008907,393815
2024-05-13 13:12:00+00:00,6003628,384664
2024-05-13 13:13:00+00:00,6041924,397459
2024-05-13 13:14:00+00:00,5988503,381158
2024-05-13 13:15:00+00:00,5746560,383762
2024-05-13 13:16:00+00:00,5759495,361710
2024-05-13 13:17:00+00:00,5816959,368121
2024-05-13 13:18:00+00:00,5792665,367614
2024-05-13 13:19:00+00:00,5778525,357528
2024-05-13 13:20:00+00:00,6831040,435918
2024-05-13 13:21:00+00:00,6729689,448877
2024-05-13 13:22:00+00:00,6493620,406807
2024-05-13 13:23:00+00:00,6718663,434017
2024-05-13 13:24:00+00:00,6589252,424448
2024-05-13 13:25:00+00:00,6849009,433251
2024-05-13 13:26:00+00:00,6427946,414073
2024-05-13 13:27:00+00:00,6923027,455449
2024-05-13 13:28:00+00:00,6361946,416555
2024-05-13 13:29:00+00:00,5292709,339303
2024-05-13 13:30:00+00:00,6584238,431457
2024-05-13 13:31:00+00:00,6617530,432639
2024-05-13 13:32:00+00:00,6768065,436575
2024-05-13 13:33:00+00:00,7397171,481341
2024-05-13 13:34:00+00:00,6208246,389769
2024-05-13 13:35:00+00:00,6846058,441833
2024-05-13 13:36:00+00:00,6604228,431864
2024-05-13 13:37:00+00:00,6327385,411507
2024-05-13 13:38:00+00:00,6990174,441257
2024-05-13 13:39:00+00:00,6805290,429133
2024-05-13 13:40:00+00:00,6905612,451879
2024-05-13 13:41:00+00:00,6542622,434870
2024-05-13 13:42:00+00:00,6889828,445075
2024-05-13 13:43:00+00:00,6790492,436378
2024-05-13 13:44:00+00:00,6605414,426234
2024-05-13 13:45:00+00:00,6595946,437240
2024-05-13 13:46:00+00:00,6762987,431132
2024-05-13 13:47:00+00:00,6776959,444899
2024-05-13 13:48:00+00:00,6889315,433742
2024-05-13 13:49:00+00:00,5759587,365328
2024-05-13 13:50:00+00:00,6844856,432412
2024-05-13 13:51:00+00:00,6380058,414757
2024-05-13 13:52:00+00:00,6907300,424030
2024-05-13 13:53:00+00:00,6691654,411638
2024-05-13 13:54:00+00:00,5672256,373971
2024-05-13 13:55:00+00:00,6298164,408941
2024-05-13 13:56:00+00:00,5970749,381285
2024-05-13 13:57:00+00:00,5676407,364260
2024-05-13 13:58:00+00:00,6282546,415501
2024-05-13 13:59:00+00:00,6662634,411007
2024-05-13 14:00:00+00:00,5958508,378154
2024-05-13 14:01:00+00:00,6551601,442448
2024-05-13 14:02:00+00:00,7214941,471389
2024-05-13 14:03:00+00:00,6524652,424381
2024-05-13 14:04:00+00:00,6485945,421514
2024-05-13 14:05:00+00:00,6644750,431457
2024-05-13 14:06:00+00:00,7251643,473630
2024-05-13 14:07:00+00:00,6068880,401818
2024-05-13 14:08:00+00:00,6796664,444322
2024-05-13 14:09:00+00:00,6883785,435173
2024-05-13 14:10:00+00:00,6573765,425435
2024-05-13 14:11:00+00:00,6392429,423214
2024-05-13 14:12:00+00:00,6495440,416079
2024-05-13 14:13:00+00:00,6554731,422286
2024-05-13 14:14:00+00:00,7028664,438834
2024-05-13 14:15:00+00:00,6909830,433718
2024-05-13 14:16:00+00:00,6609363,421994
2024-05-13 14:17:00+00:00,6697522,436086
2024-05-13 14:18:00+00:00,7233637,474938
2024-05-13 14:19:00+00:00,7448261,466670
2024-05-13 14:20:00+00:00,7150615,448208
2024-05-13 14:21:00+00:00,7161235,456659
2024-05-13 14:22:00+00:00,6596455,432868
2024-05-13 14:23:00+00:00,7200265,466917
2024-05-13 14:24:00+00:00,6796081,430202
2024-05-13 14:25:00+00:00,6293776,406487
2024-05-13 14:26:00+00:00,6967125,449366
2024-05-13 14:27:00+00:00,6656164,423836
2024-05-13 14:28:00+00:00,6993644,428292
2024-05-13 14:29:00+00:00,6738027,417150
2024-05-13 14:30:00+00:00,7681631,484212
2024-05-13 14:31:00+00:00,6902710,435353
2024-05-13 14:32:00+00:00,7452651,451950
2024-05-13 14:33:00+00:00,6660066,439914
2024-05-13 14:34:00+00:00,6978650,447271
2024-05-13 14:35:00+00:00,6922356,445366
2024-05-13 14:36:00+00:00,8017258,508179
2024-05-13 14:37:00+00:00,6713800,417468
2024-05-13 14:38:00+00:00,7310782,471806
2024-05-13 14:39:00+00:00,6737355,449480
2024-05-13 14:40:00+00:00,6985378,447936
2024-05-13 14:41:00+00:00,6912838,448292
2024-05-13 14:42:00+00:00,6890995,445263
2024-05-13 14:43:00+00:00,6578232,408015
2024-05-13 14:44:00+00:00,6244042,398214
2024-05-13 14:45:00+00:00,7106903,452984
2024-05-13 14:46:00+00:00,7421954,458087
2024-05-13 14:47:00+00:00,7552178,477587
2024-05-13 14:48:00+00:00,7540974,475996
2024-05-13 14:49:00+00:00,6914716,433755
2024-05-13 14:50:00+00:00,6774123,444194
2024-05-13 14:51:00+00:00,7785527,494723
2024-05-13 14:52:00+00:00,7855831,524873
2024-05-13 14:53:00+00:00,6945194,440051
2024-05-13 14:54:00+00:00,6604126,414913
2024-05-13 14:55:00+00:00,6720332,435938
2024-05-13 14:56:00+00:00,6853373,443181
2024-05-13 14:57:00+00:00,7141418,462330
2024-05-13 14:58:00+00:00,6650174,424633
2024-05-13 14:59:00+00:00,6858919,445206
2024-05-13 15:00:00+00:00,6435122,407358
2024-05-13 15:01:00+00:00,6872529,437753
2024-05-13 15:02:00+00:00,7204256,445099
2024-05-13 15:03:00+00:00,6665953,411106
2024-05-13 15:04:00+00:00,7073549,442706
2024-05-13 15:05:00+00:00,6751959,417279
2024-05-13 15:06:00+00:00,7093785,455765
2024-05-13 15:07:00+00:00,7415176,466516
2024-05-13 15:08:00+00:00,7325534,458382
2024-05-13 15:09:00+00:00,6593065,420036
2024-05-13 15:10:00+00:00,5766582,366747
2024-05-13 15:11:00+00:00,6318850,385139
2024-05-13 15:12:00+00:00,5850161,375216
2024-05-13 15:13:00+00:00,6669886,426449
2024-05-13 15:14:00+00:00,5998548,377973
2024-05-13 15:15:00+00:00,6282015,398396
2024-05-13 15:16:00+00:00,6163364,381701
2024-05-13 15:17:00+00:00,6035756,379062
2024-05-13 15:18:00+00:00,6376908,386204
2024-05-13 15:19:00+00:00,6314861,380600
2024-05-13 15:20:00+00:00,6894766,433190
2024-05-13 15:21:00+00:00,6557836,414934
2024-05-13 15:22:00+00:00,6493200,409319
2024-05-13 15:23:00+00:00,7040834,453059
2024-05-13 15:24:00+00:00,6758204,435066
2024-05-13 15:25:00+00:00,6726477,432069
2024-05-13 15:26:00+00:00,6686477,424386
2024-05-13 15:27:00+00:00,6322676,405929
2024-05-13 15:28:00+00:00,6431889,404326
2024-05-13 15:29:00+00:00,6292211,385877
2024-05-13 15:30:00+00:00,6510798,408485
2024-05-13 15:31:00+00:00,6634312,443101
2024-05-13 15:32:00+00:00,5931736,377043
2024-05-13 15:33:00+00:00,6809491,416154
2024-05-13 15:34:00+00:00,6520824,418727
2024-05-13 15:35:00+00:00,6821990,435565
2024-05-13 15:36:00+00:00,6699296,427299
2024-05-13 15:37:00+00:00,6733760,430692
2024-05-13 15:38:00+00:00,6094503,389721
2024-05-13 15:39:00+00:00,6091152,381438
2024-05-13 15:40:00+00:00,6910351,430062
2024-05-13 15:41:00+00:00,6401773,388819
2024-05-13 15:42:00+00:00,6482177,404818
2024-05-13 15:43:00+00:00,6986180,453082
2024-05-13 15:44:00+00:00,6326320,395314
2024-05-13 15:45:00+00:00,6842866,433643
2024-05-13 15:46:00+00:00,5954276,377483
2024-05-13 15:47:00+00:00,6672307,410365
2024-05-13 15:48:00+00:00,6356529,398152
2024-05-13 15:49:00+00:00,6498212,414825
2024-05-13 15:50:00+00:00,6706779,418171
2024-05-13 15:51:00+00:00,6791063,427345
2024-05-13 15:52:00+00:00,6739728,431350
2024-05-13 15:53:00+00:00,6449152,418444
2024-05-13 15:54:00+00:00,6389486,410888
2024-05-13 15:55:00+00:00,5693395,375432
2024-05-13 15:56:00+00:00,5188035,330517
2024-05-13 15:57:00+00:00,5197034,332643
2024-05-13 15:58:00+00:00,5826754,360322
2024-05-13 15:59:00+00:00,5532172,358863
2024-05-13 16:00:00+00:00,4964011,323376
2024-05-13 16:01:00+00:00,6330689,400672
2024-05-13 16:02:00+00:00,6096784,387695
2024-05-13 16:03:00+00:00,6404344,413100
2024-05-13 16:04:00+00:00,5089080,319639
2024-05-13 16:05:00+00:00,5438725,346910
2024-05-13 16:06:00+00:00,5199461,322614
2024-05-13 16:07:00+00:00,5469605,337299
2024-05-13 16:08:00+00:00,5373867,332286
2024-05-13 16:09:00+00:00,5104339,325835
2024-05-13 16:10:00+00:00,5896919,382595
2024-05-13 16:11:00+00:00,5615967,359687
2024-05-13 16:12:00+00:00,6099536,377868
2024-05-13 16:13:00+00:00,5501310,365048
2024-05-13 16:14:00+00:00,4409198,285925
2024-05-13 16:15:00+00:00,5517707,347399
2024-05-13 16:16:00+00:00,5318947,336819
2024-05-13 16:17:00+00:00,5956379,380924
2024-05-13 16:18:00+00:00,5771282,356451
2024-05-13 16:19:00+00:00,5105885,318708
2024-05-13 16:20:00+00:00,5251553,322242
2024-05-13 16:21:00+00:00,5364325,334204
2024-05-13 16:22:00+00:00,5402826,337210
2024-05-13 16:23:00+00:00,5109495,335167
2024-05-13 16:24:00+00:00,5393664,344999
2024-05-13 16:25:00+00:00,5744496,356026
2024-05-13 16:26:00+00:00,6331974,397817
2024-05-13 16:27:00+00:00,6081229,362215
2024-05-13 16:28:00+00:00,5491431,343316
2024-05-13 16:29:00+00:00,5864030,380759
2024-05-13 16:30:00+00:00,6364112,388946
2024-05-13 16:31:00+00:00,6345964,390824
2024-05-13 16:32:00+00:00,5814598,366849
2024-05-13 16:33:00+00:00,5829517,355511
2024-05-13 16:34:00+00:00,5657871,360991
2024-05-13 16:35:00+00:00,5880769,372523
2024-05-13 16:36:00+00:00,6227657,414361
2024-05-13 16:37:00+00:00,5995538,366119
2024-05-13 16:38:00+00:00,6030292,375772
2024-05-13 16:39:00+00:00,5344010,325500
2024-05-13 16:40:00+00:00,5559619,358540
2024-05-13 16:41:00+00:00,5307964,338380
2024-05-13 16:42:00+00:00,5523891,358958
2024-05-13 16:43:00+00:00,4844075,298484
2024-05-13 16:44:00+00:00,5423700,327548
2024-05-13 16:45:00+00:00,5131433,315217
2024-05-13 16:46:00+00:00,5614749,352784
2024-05-13 16:47:00+00:00,5569862,340373
2024-05-13 16:48:00+00:00,4904589,306446
2024-05-13 16:49:00+00:00,5925870,372722
2024-05-13 16:50:00+00:00,5702051,354480
2024-05-13 16:51:00+00:00,6105092,397713
2024-05-13 16:52:00+00:00,5417726,336289
2024-05-13 16:53:00+00:00,5692732,345608
2024-05-13 16:54:00+00:00,5555541,342061
2024-05-13 16:55:00+00:00,5332481,335051
2024-05-13 16:56:00+00:00,5538042,344921
2024-05-13 16:57:00+00:00,5397725,344482
2024-05-13 16:58:00+00:00,5138124,321723
2024-05-13 16:59:00+00:00,5091183,305502
2024-05-13 17:00:00+00:00,5142655,338062
2024-05-13 17:01:00+00:00,4726615,291596
2024-05-13 17:02:00+00:00,5617802,338977
2024-05-13 17:03:00+00:00,4579907,276652
2024-05-13 17:04:00+00:00,5222136,326072
2024-05-13 17:05:00+00:00,4166060,257811
2024-05-13 17:06:00+00:00,4535885,285708
2024-05-13 17:07:00+00:00,4777226,298655
2024-05-13 17:08:00+00:00,4705133,291422
2024-05-13 17:09:00+00:00,5170494,316336
2024-05-13 17:10:00+00:00,5372007,320334
2024-05-13 17:11:00+00:00,5134716,310888
2024-05-13 17:12:00+00:00,5316683,336770
2024-05-13 17:13:00+00:00,4752757,304869
2024-05-13 17:14:00+00:00,5563205,341183
2024-05-13 17:15:00+00:00,5482597,348370
2024-05-13 17:16:00+00:00,5054780,321411
2024-05-13 17:17:00+00:00,5368970,336359
2024-05-13 17:18:00+00:00,5192419,322581
2024-05-13 17:19:00+00:00,6073439,390272
2024-05-13 17:20:00+00:00,5759460,360296
2024-05-13 17:21:00+00:00,6138017,370094
2024-05-13 17:22:00+00:00,5483241,340042
2024-05-13 17:23:00+00:00,5849548,352330
2024-05-13 17:24:00+00:00,5326976,325564
2024-05-13 17:25:00+00:00,5559036,350796
2024-05-13 17:26:00+00:00,5346145,322002
2024-05-13 17:27:00+00:00,5049340,311832
2024-05-13 17:28:00+00:00,5073988,305682
2024-05-13 17:29:00+00:00,5423189,340706
2024-05-13 17:30:00+00:00,4819140,311626
2024-05-13 17:31:00+00:00,4919372,305769
2024-05-13 17:32:00+00:00,5287270,325715
2024-05-13 17:33:00+00:00,5299253,320603
2024-05-13 17:34:00+00:00,5405084,324536
2024-05-13 17:35:00+00:00,5476117,352718
2024-05-13 17:36:00+00:00,4879244,315893
2024-05-13 17:37:00+00:00,5208944,323415
2024-05-13 17:38:00+00:00,5378600,340147
2024-05-13 17:39:00+00:00,5207625,324948
2024-05-13 17:40:00+00:00,5239176,332643
2024-05-13 17:41:00+00:00,5383511,330134
2024-05-13 17:42:00+00:00,5004244,304907
2024-05-13 17:43:00+00:00,5354819,328454
2024-05-13 17:44:00+00:00,5534787,339572
2024-05-13 17:45:00+00:00,5478196,346555
2024-05-13 17:46:00+00:00,5473019,336097
2024-05-13 17:47:00+00:00,4930673,290248
2024-05-13 17:48:00+00:00,5376564,333786
2024-05-13 17:49:00+00:00,5476198,333788
2024-05-13 17:50:00+00:00,5073851,301094
2024-05-13 17:51:00+00:00,4672018,276256
2024-05-13 17:52:00+00:00,5128357,322821
2024-05-13 17:53:00+00:00,5373638,340164
2024-05-13 17:54:00+00:00,5088008,308789
2024-05-13 17:55:00+00:00,5254355,314014
2024-05-13 17:56:00+00:00,4803291,289464
2024-05-13 17:57:00+00:00,5351732,350232
2024-05-13 17:58:00+00:00,5316298,330424
2024-05-13 17:59:00+00:00,5467833,340727
2024-05-13 18:00:00+00:00,5110862,306001
2024-05-13 18:01:00+00:00,4915224,307554
2024-05-13 18:02:00+00:00,4933209,299205
2024-05-13 18:03:00+00:00,5549162,342293
2024-05-13 18:04:00+00:00,5361078,331582
2024-05-13 18:05:00+00:00,5297944,310614
2024-05-13 18:06:00+00:00,5213109,309203
2024-05-13 18:07:00+00:00,5138233,327818
2024-05-13 18:08:00+00:00,5157969,318559
2024-05-13 18:09:00+00:00,4884501,302875
2024-05-13 18:10:00+00:00,4976896,321951
2024-05-13 18:11:00+00:00,4576357,283641
2024-05-13 18:12:00+00:00,4668079,272608
2024-05-13 18:13:00+00:00,4862032,304603
2024-05-13 18:14:00+00:00,5020206,314347
2024-05-13 18:15:00+00:00,5537878,353495
2024-05-13 18:16:00+00:00,5242713,320744
2024-05-13 18:17:00+00:00,4625342,280016
2024-05-13 18:18:00+00:00,5081057,317469
2024-05-13 18:19:00+00:00,5489836,347423
2024-05-13 18:20:00+00:00,5289461,323553
2024-05-13 18:21:00+00:00,5616456,347338
2024-05-13 18:22:00+00:00,5246234,327517
2024-05-13 18:23:00+00:00,5344904,336096
2024-05-13 18:24:00+00:00,5291459,338735
2024-05-13 18:25:00+00:00,5699177,345131
2024-05-13 18:26:00+00:00,5431481,334632
2024-05-13 18:27:00+00:00,5207207,315084
2024-05-13 18:28:00+00:00,4950637,295458
2024-05-13 18:29:00+00:00,4793659,289264
2024-05-13 18:30:00+00:00,5172215,315219
2024-05-13 18:31:00+00:00,5163617,321018
2024-05-13 18:32:00+00:00,5559906,334509
2024-05-13 18:33:00+00:00,4969525,302515
2024-05-13 18:34:00+00:00,5160271,310116
2024-05-13 18:35:00+00:00,5485568,350673
2024-05-13 18:36:00+00:00,5411426,329308
2024-05-13 18:37:00+00:00,5287385,329791
2024-05-13 18:38:00+00:00,4597860,292327
2024-05-13 18:39:00+00:00,4494606,280812
2024-05-13 18:40:00+00:00,5003374,303004
2024-05-13 18:41:00+00:00,5915735,371913
2024-05-13 18:42:00+00:00,5301410,333699
2024-05-13 18:43:00+00:00,4918006,295334
2024-05-13 18:44:00+00:00,4910739,299942
2024-05-13 18:45:00+00:00,5318660,327328
2024-05-13 18:46:00+00:00,5477300,343632
2024-05-13 18:47:00+00:00,4859551,291117
2024-05-13 18:48:00+00:00,4653170,283765
2024-05-13 18:49:00+00:00,5342318,343319
2024-05-13 18:50:00+00:00,5596317,342366
2024-05-13 18:51:00+00:00,5260319,314345
2024-05-13 18:52:00+00:00,5146897,322977
2024-05-13 18:53:00+00:00,4627035,284677
2024-05-13 18:54:00+00:00,5250263,324937
2024-05-13 18:55:00+00:00,5175786,328814
2024-05-13 18:56:00+00:00,4764268,288744
2024-05-13 18:57:00+00:00,4811370,293948
2024-05-13 18:58:00+00:00,4984868,303211
2024-05-13 18:59:00+00:00,4857486,316432
2024-05-13 19:00:00+00:00,5147728,315010
2024-05-13 19:01:00+00:00,4826818,301534
2024-05-13 19:02:00+00:00,5081175,313794
2024-05-13 19:03:00+00:00,5375552,328823
2024-05-13 19:04:00+00:00,4792334,306878
2024-05-13 19:05:00+00:00,4833829,306682
2024-05-13 19:06:00+00:00,5141085,323477
2024-05-13 19:07:00+00:00,4458958,275796
2024-05-13 19:08:00+00:00,4426530,282913
2024-05-13 19:09:00+00:00,4919104,306742
2024-05-13 19:10:00+00:00,4098224,239733
2024-05-13 19:11:00+00:00,5021409,297385
2024-05-13 19:12:00+00:00,4431333,269379
2024-05-13 19:13:00+00:00,4799653,296780
2024-05-13 19:14:00+00:00,4731533,293735
2024-05-13 19:15:00+00:00,4724124,300186
2024-05-13 19:16:00+00:00,4859681,298381
2024-05-13 19:17:00+00:00,4682800,288994
2024-05-13 19:18:00+00:00,4941235,291488
2024-05-13 19:19:00+00:00,4745795,299636
2024-05-13 19:20:00+00:00,4194715,261404
2024-05-13 19:21:00+00:00,5006622,305564
2024-05-13 19:22:00+00:00,4278683,259260
2024-05-13 19:23:00+00:00,4766826,277698
2024-05-13 19:24:00+00:00,4790435,289835
2024-05-13 19:25:00+00:00,5151035,309395
2024-05-13 19:26:00+00:00,5046746,311804
2024-05-13 19:27:00+00:00,3863058,234918
2024-05-13 19:28:00+00:00,4663436,287539
2024-05-13 19:29:00+00:00,4657433,282912
2024-05-13 19:30:00+00:00,5305601,321132
2024-05-13 19:31:00+00:00,4598395,291759
2024-05-13 19:32:00+00:00,5205663,311489
2024-05-13 19:33:00+00:00,4777621,295702
2024-05-13 19:34:00+00:00,5650226,357431
2024-05-13 19:35:00+00:00,5542986,353157
2024-05-13 19:36:00+00:00,4924875,292538
2024-05-13 19:37:00+00:00,5033397,312604
2024-05-13 19:38:00+00:00,5642936,347706
2024-05-13 19:39:00+00:00,5620870,343609
2024-05-13 19:40:00+00:00,5696287,358305
2024-05-13 19:41:00+00:00,5981198,376683
2024-05-13 19:42:00+00:00,5663205,345142
2024-05-13 19:43:00+00:00,5732811,350231
2024-05-13 19:44:00+00:00,5285116,325343
2024-05-13 19:45:00+00:00,5801694,346507
2024-05-13 19:46:00+00:00,5423344,326986
2024-05-13 19:47:00+00:00,5720759,346648
2024-05-13 19:48:00+00:00,5318593,324574
2024-05-13 19:49:00+00:00,5336716,334320
2024-05-13 19:50:00+00:00,5765070,363162
2024-05-13 19:51:00+00:00,5661632,360807
2024-05-13 19:52:00+00:00,5771725,348819
2024-05-13 19:53:00+00:00,5267126,338380
2024-05-13 19:54:00+00:00,5690630,355691
2024-05-13 19:55:00+00:00,5267058,313304
2024-05-13 19:56:00+00:00,5983029,360940
2024-05-13 19:57:00+00:00,4747124,286266
2024-05-13 19:58:00+00:00,5470238,343973
2024-05-13 19:59:00+00:00,5603379,349307
2024-05-13 20:00:00+00:00,5228864,325128
2024-05-13 20:01:00+00:00,5458849,341584
2024-05-13 20:02:00+00:00,4936795,307651
2024-05-13 20:03:00+00:00,5688870,361049
2024-05-13 20:04:00+00:00,5422397,339873
2024-05-13 20:05:00+00:00,5690485,361145
2024-05-13 20:06:00+00:00,5316508,325376
2024-05-13 20:07:00+00:00,5436326,325153
2024-05-13 20:08:00+00:00,5642888,339493
2024-05-13 20:09:00+00:00,5213250,323518
2024-05-13 20:10:00+00:00,5222979,331687
2024-05-13 20:11:00+00:00,4843036,292007
2024-05-13 20:12:00+00:00,5219148,338792
2024-05-13 20:13:00+00:00,4882350,307657
2024-05-13 20:14:00+00:00,5479738,341840
2024-05-13 20:15:00+00:00,5498861,338932
2024-05-13 20:16:00+00:00,5000450,301132
2024-05-13 20:17:00+00:00,5595917,351984
2024-05-13 20:18:00+00:00,5444461,338175
2024-05-13 20:19:00+00:00,5197394,330641
2024-05-13 20:20:00+00:00,5340827,329311
2024-05-13 20:21:00+00:00,5062948,331560
2024-05-13 20:22:00+00:00,5327177,332790
2024-05-13 20:23:00+00:00,4670351,294991
2024-05-13 20:24:00+00:00,4523902,274220
2024-05-13 20:25:00+00:00,5347846,334681
2024-05-13 20:26:00+00:00,5370802,318126
2024-05-13 20:27:00+00:00,4888957,289486
2024-05-13 20:28:00+00:00,5031215,307797
2024-05-13 20:29:00+00:00,4804583,299366
2024-05-13 20:30:00+00:00,4971757,285257
2024-05-13 20:31:00+00:00,4129597,248388
2024-05-13 20:32:00+00:00,4970732,290047
2024-05-13 20:33:00+00:00,4729478,301219
2024-05-13 20:34:00+00:00,5123664,320884
2024-05-13 20:35:00+00:00,4584349,272873
2024-05-13 20:36:00+00:00,4920805,292286
2024-05-13 20:37:00+00:00,4764541,293920
2024-05-13 20:38:00+00:00,5052566,323421
2024-05-13 20:39:00+00:00,4794129,281644
2024-05-13 20:40:00+00:00,4190984,274182
2024-05-13 20:41:00+00:00,4934427,311923
2024-05-13 20:42:00+00:00,4975236,301024
2024-05-13 20:43:00+00:00,5191901,317896
2024-05-13 20:44:00+00:00,4810240,288437
2024-05-13 20:45:00+00:00,4508063,295561
2024-05-13 20:46:00+00:00,4917300,298672
2024-05-13 20:47:00+00:00,4837856,285794
2024-05-13 20:48:00+00:00,4685583,286896
2024-05-13 20:49:00+00:00,4609691,271593
2024-05-13 20:50:00+00:00,4953060,294101
2024-05-13 20:51:00+00:00,3997210,248792
2024-05-13 20:52:00+00:00,4458059,278573
2024-05-13 20:53:00+00:00,4355659,278654
2024-05-13 20:54:00+00:00,4466692,276733
2024-05-13 20:55:00+00:00,4620326,275932
2024-05-13 20:56:00+00:00,4094413,256109
2024-05-13 20:57:00+00:00,3638071,228181
2024-05-13 20:58:00+00:00,3143183,200021
2024-05-13 20:59:00+00:00,3983602,234864
2024-05-13 21:00:00+00:00,4825136,289612
2024-05-13 21:01:00+00:00,4381538,273568
2024-05-13 21:02:00+00:00,4181928,258562
2024-05-13 21:03:00+00:00,3977206,242354
2024-05-13 21:04:00+00:00,3665481,220139
2024-05-13 21:05:00+00:00,4521994,273027
2024-05-13 21:06:00+00:00,4245638,259300
2024-05-13 21:07:00+00:00,4219050,262320
2024-05-13 21:08:00+00:00,3896911,237464
2024-05-13 21:09:00+00:00,3904777,253243
2024-05-13 21:10:00+00:00,3962669,243317
2024-05-13 21:11:00+00:00,3475475,217157
2024-05-13 21:12:00+00:00,3630899,218874
2024-05-13 21:13:00+00:00,3421196,222932
2024-05-13 21:14:00+00:00,3708206,235475
2024-05-13 21:15:00+00:00,4012026,261044
2024-05-13 21:16:00+00:00,4193183,251007
2024-05-13 21:17:00+00:00,4155438,272052
2024-05-13 21:18:00+00:00,3745009,218361
2024-05-13 21:19:00+00:00,3737149,233944
2024-05-13 21:20:00+00:00,3520517,210979
2024-05-13 21:21:00+00:00,3618602,213214
2024-05-13 21:22:00+00:00,3529412,225611
2024-05-13 21:23:00+00:00,3726916,233309
2024-05-13 21:24:00+00:00,3797105,232805
2024-05-13 21:25:00+00:00,4091293,257975
2024-05-13 21:26:00+00:00,4081849,245069
2024-05-13 21:27:00+00:00,3373515,207954
2024-05-13 21:28:00+00:00,3614036,224829
2024-05-13 21:29:00+00:00,4007301,255369
2024-05-13 21:30:00+00:00,3711859,246345
2024-05-13 21:31:00+00:00,4064675,248129
2024-05-13 21:32:00+00:00,4269423,255182
2024-05-13 21:33:00+00:00,4045597,255546
2024-05-13 21:34:00+00:00,4268773,277538
2024-05-13 21:35:00+00:00,3987810,238341
2024-05-13 21:36:00+00:00,3865083,227406
2024-05-13 21:37:00+00:00,4257408,267705
2024-05-13 21:38:00+00:00,3931809,239702
2024-05-13 21:39:00+00:00,3978936,253666
2024-05-13 21:40:00+00:00,3967984,248151
2024-05-13 21:41:00+00:00,4215573,265472
2024-05-13 21:42:00+00:00,4463172,275993
2024-05-13 21:43:00+00:00,3868260,234045
2024-05-13 21:44:00+00:00,4126077,240192
2024-05-13 21:45:00+00:00,4436661,276258
2024-05-13 21:46:00+00:00,4393564,257666
2024-05-13 21:47:00+00:00,4328937,255875
2024-05-13 21:48:00+00:00,4142183,258378
2024-05-13 21:49:00+00:00,4507124,272516
2024-05-13 21:50:00+00:00,4163485,261490
2024-05-13 21:51:00+00:00,4027265,262116
2024-05-13 21:52:00+00:00,4384089,270057
2024-05-13 21:53:00+00:00,4263999,267965
2024-05-13 21:54:00+00:00,3840747,242158
2024-05-13 21:55:00+00:00,3996436,248303
2024-05-13 21:56:00+00:00,3687512,226057
2024-05-13 21:57:00+00:00,4032300,253216
2024-05-13 21:58:00+00:00,3659443,223564
2024-05-13 21:59:00+00:00,4281917,260310
2024-05-13 22:00:00+00:00,3981514,245997
2024-05-13 22:01:00+00:00,4181393,252730
2024-05-13 22:02:00+00:00,3946893,236603
2024-05-13 22:03:00+00:00,4180435,242690
2024-05-13 22:04:00+00:00,3976718,259419
2024-05-13 22:05:00+00:00,4166251,262506
2024-05-13 22:06:00+00:00,4036193,245257
2024-05-13 22:07:00+00:00,4391445,263837
2024-05-13 22:08:00+00:00,4027891,244230
2024-05-13 22:09:00+00:00,4138646,253792
2024-05-13 22:10:00+00:00,4170934,257231
2024-05-13 22:11:00+00:00,3865203,251397
2024-05-13 22:12:00+00:00,3368160,212987
2024-05-13 22:13:00+00:00,3728553,221321
2024-05-13 22:14:00+00:00,3757092,239137
2024-05-13 22:15:00+00:00,4282413,266645
2024-05-13 22:16:00+00:00,3770813,234092
2024-05-13 22:17:00+00:00,3881704,241043
2024-05-13 22:18:00+00:00,4171213,268271
2024-05-13 22:19:00+00:00,4089227,240878
2024-05-13 22:20:00+00:00,4268852,264245
2024-05-13 22:21:00+00:00,4036949,245975
2024-05-13 22:22:00+00:00,4144403,261972
2024-05-13 22:23:00+00:00,4073329,237006
2024-05-13 22:24:00+00:00,3305070,210389
2024-05-13 22:25:00+00:00,3789610,221100
2024-05-13 22:26:00+00:00,3876087,231918
2024-05-13 22:27:00+00:00,3988875,241328
2024-05-13 22:28:00+00:00,3878618,245612
2024-05-13 22:29:00+00:00,3495010,213448
2024-05-13 22:30:00+00:00,3724497,234874
2024-05-13 22:31:00+00:00,3967765,238912
2024-05-13 22:32:00+00:00,3912231,238925
2024-05-13 22:33:00+00:00,4216223,261305
2024-05-13 22:34:00+00:00,3798095,232921
2024-05-13 22:35:00+00:00,4026316,238525
2024-05-13 22:36:00+00:00,3679423,211364
2024-05-13 22:37:00+00:00,4324872,262695
2024-05-13 22:38:00+00:00,4036041,241150
2024-05-13 22:39:00+00:00,3505044,224593
2024-05-13 22:40:00+00:00,3764287,226760
2024-05-13 22:41:00+00:00,3624894,234277
2024-05-13 22:42:00+00:00,3332190,202610
2024-05-13 22:43:00+00:00,3916098,243566
2024-05-13 22:44:00+00:00,3771470,238120
2024-05-13 22:45:00+00:00,3907351,233716
2024-05-13 22:46:00+00:00,3574086,213272
2024-05-13 22:47:00+00:00,3963436,252995
2024-05-13 22:48:00+00:00,3935011,235801
2024-05-13 22:49:00+00:00,3850052,244081
2024-05-13 22:50:00+00:00,4042955,240160
2024-05-13 22:51:00+00:00,4073225,246673
2024-05-13 22:52:00+00:00,3773074,226115
2024-05-13 22:53:00+00:00,3704293,232217
2024-05-13 22:54:00+00:00,4104486,253080
2024-05-13 22:55:00+00:00,4064661,243023
2024-05-13 22:56:00+00:00,4165359,265069
2024-05-13 22:57:00+00:00,4399743,271592
2024-05-13 22:58:00+00:00,4040525,249292
2024-05-13 22:59:00+00:00,3871300,237539
2024-05-13 23:00:00+00:00,3847839,241882
2024-05-13 23:01:00+00:00,4137275,246838
2024-05-13 23:02:00+00:00,3861994,231985
2024-05-13 23:03:00+00:00,3770138,233094
2024-05-13 23:04:00+00:00,4037467,252948
2024-05-13 23:05:00+00:00,3880178,240122
2024-05-13 23:06:00+00:00,3868270,236555
2024-05-13 23:07:00+00:00,4027925,244619
2024-05-13 23:08:00+00:00,4022810,243585
2024-05-13 23:09:00+00:00,3753610,244714
2024-05-13 23:10:00+00:00,3781183,225110
2024-05-13 23:11:00+00:00,3932856,248183
2024-05-13 23:12:00+00:00,4411681,272477
2024-05-13 23:13:00+00:00,4095736,250003
2024-05-13 23:14:00+00:00,4140424,251782
2024-05-13 23:15:00+00:00,4127187,260025
2024-05-13 23:16:00+00:00,4226438,248849
2024-05-13 23:17:00+00:00,3835355,244580
2024-05-13 23:18:00+00:00,4394341,276796
2024-05-13 23:19:00+00:00,4035047,241180
2024-05-13 23:20:00+00:00,4412166,266586
2024-05-13 23:21:00+00:00,4594183,277366
2024-05-13 23:22:00+00:00,4424341,270333
2024-05-13 23:23:00+00:00,4448511,281575
2024-05-13 23:24:00+00:00,4076184,243065
2024-05-13 23:25:00+00:00,4135285,251118
2024-05-13 23:26:00+00:00,4334199,262794
2024-05-13 23:27:00+00:00,4455073,280847
2024-05-13 23:28:00+00:00,4073688,257941
2024-05-13 23:29:00+00:00,4191591,264708
2024-05-13 23:30:00+00:00,4375956,268879
2024-05-13 23:31:00+00:00,4331447,264709
2024-05-13 23:32:00+00:00,4186351,253320
2024-05-13 23:33:00+00:00,4713864,292363
2024-05-13 23:34:00+00:00,3814775,226670
2024-05-13 23:35:00+00:00,3961113,243643
2024-05-13 23:36:00+00:00,4078414,260666
2024-05-13 23:37:00+00:00,4645092,283742
2024-05-13 23:38:00+00:00,4651129,290806
2024-05-13 23:39:00+00:00,4075376,254230
2024-05-13 23:40:00+00:00,4182636,257452
2024-05-13 23:41:00+00:00,4682221,288047
2024-05-13 23:42:00+00:00,4123281,263333
2024-05-13 23:43:00+00:00,4544232,286154
2024-05-13 23:44:00+00:00,4723477,308006
2024-05-13 23:45:00+00:00,4616556,283567
2024-05-13 23:46:00+00:00,4422969,268293
2024-05-13 23:47:00+00:00,4164029,252053
2024-05-13 23:48:00+00:00,4614586,279550
2024-05-13 23:49:00+00:00,4589220,294580
2024-05-13 23:50:00+00:00,4618691,292094
2024-05-13 23:51:00+00:00,4525573,282006
2024-05-13 23:52:00+00:00,4756464,308104
2024-05-13 23:53:00+00:00,4541923,285160
2024-05-13 23:54:00+00:00,4840964,304480
2024-05-13 23:55:00+00:00,4846628,299242
2024-05-13 23:56:00+00:00,4469001,284218
2024-05-13 23:57:00+00:00,4357807,270667
2024-05-13 23:58:00+00:00,4478685,286035
2024-05-13 23:59:00+00:00,4841629,284691
2024-05-14 00:00:00+00:00,4401721,270474
2024-05-14 00:01:00+00:00,4830707,293859
2024-05-14 00:02:00+00:00,4818784,310987
2024-05-14 00:03:00+00:00,4639578,279959
2024-05-14 00:04:00+00:00,4479814,288588
2024-05-14 00:05:00+00:00,4577672,259939
2024-05-14 00:06:00+00:00,4749194,288620
2024-05-14 00:07:00+00:00,4929349,309899
2024-05-14 00:08:00+00:00,4640333,294706
2024-05-14 00:09:00+00:00,4721876,306835
2024-05-14 00:10:00+00:00,5036366,311751
2024-05-14 00:11:00+00:00,4424238,280290
2024-05-14 00:12:00+00:00,4918819,305917
2024-05-14 00:13:00+00:00,4458454,273965
2024-05-14 00:14:00+00:00,4813110,300119
2024-05-14 00:15:00+00:00,4404965,284891
2024-05-14 00:16:00+00:00,5054479,306828
2024-05-14 00:17:00+00:00,4860495,296524
2024-05-14 00:18:00+00:00,4881110,303458
2024-05-14 00:19:00+00:00,4799821,294092
2024-05-14 00:20:00+00:00,4821846,282437
2024-05-14 00:21:00+00:00,5040456,322404
2024-05-14 00:22:00+00:00,4683796,285849
2024-05-14 00:23:00+00:00,5097301,315119
2024-05-14 00:24:00+00:00,5419008,328497
2024-05-14 00:25:00+00:00,4706992,298238
2024-05-14 00:26:00+00:00,5014656,310002
2024-05-14 00:27:00+00:00,5120712,323487
2024-05-14 00:28:00+00:00,5130012,317109
2024-05-14 00:29:00+00:00,4722154,297531
2024-05-14 00:30:00+00:00,5135123,329639
2024-05-14 00:31:00+00:00,5605608,342144
2024-05-14 00:32:00+00:00,5025907,306371
2024-05-14 00:33:00+00:00,5523789,342474
2024-05-14 00:34:00+00:00,5130831,329425
2024-05-14 00:35:00+00:00,4834723,308413
2024-05-14 00:36:00+00:00,5370751,335707
2024-05-14 00:37:00+00:00,5664516,346905
2024-05-14 00:38:00+00:00,5351642,344255
2024-05-14 00:39:00+00:00,4859631,306498
2024-05-14 00:40:00+00:00,5383441,331970
2024-05-14 00:41:00+00:00,4780126,308518
2024-05-14 00:42:00+00:00,5106490,322461
2024-05-14 00:43:00+00:00,5308707,329695
2024-05-14 00:44:00+00:00,4990266,304479
2024-05-14 00:45:00+00:00,5090530,326206
2024-05-14 00:46:00+00:00,4855396,305175
2024-05-14 00:47:00+00:00,4977166,305807
2024-05-14 00:48:00+00:00,5498476,331091
2024-05-14 00:49:00+00:00,5523528,337447
2024-05-14 00:50:00+00:00,5133257,325844
2024-05-14 00:51:00+00:00,5448198,338799
2024-05-14 00:52:00+00:00,5443922,331147
2024-05-14 00:53:00+00:00,5322682,322993
2024-05-14 00:54:00+00:00,5120793,334572
2024-05-14 00:55:00+00:00,5307376,327654
2024-05-14 00:56:00+00:00,4646201,275658
2024-05-14 00:57:00+00:00,5227769,322288
2024-05-14 00:58:00+00:00,5129005,325750
2024-05-14 00:59:00+00:00,4892129,303572
2024-05-14 01:00:00+00:00,4737612,286737
2024-05-14 01:01:00+00:00,4990994,320493
2024-05-14 01:02:00+00:00,4889880,288578
2024-05-14 01:03:00+00:00,4621512,282506
2024-05-14 01:04:00+00:00,4870109,321066
2024-05-14 01:05:00+00:00,4718887,296069
2024-05-14 01:06:00+00:00,4659846,291400
2024-05-14 01:07:00+00:00,4747224,299580
2024-05-14 01:08:00+00:00,4552115,283313
2024-05-14 01:09:00+00:00,4758630,292960
2024-05-14 01:10:00+00:00,4970386,309569
2024-05-14 01:11:00+00:00,4763578,302986
2024-05-14 01:12:00+00:00,4459139,262980
2024-05-14 01:13:00+00:00,4788365,297077
2024-05-14 01:14:00+00:00,5094369,324413
2024-05-14 01:15:00+00:00,5346719,306717
2024-05-14 01:16:00+00:00,5132439,318440
2024-05-14 01:17:00+00:00,5241029,328249
2024-05-14 01:18:00+00:00,5281637,333765
2024-05-14 01:19:00+00:00,5267437,327506
2024-05-14 01:20:00+00:00,5473985,330675
2024-05-14 01:21:00+00:00,5191449,322738
2024-05-14 01:22:00+00:00,5698084,344518
2024-05-14 01:23:00+00:00,5321922,332857
2024-05-14 01:24:00+00:00,5325376,342133
2024-05-14 01:25:00+00:00,5200675,327321
2024-05-14 01:26:00+00:00,4552894,286580
2024-05-14 01:27:00+00:00,5406205,343635
2024-05-14 01:28:00+00:00,5303909,323725
2024-05-14 01:29:00+00:00,5127479,323560
2024-05-14 01:30:00+00:00,5345760,323540
2024-05-14 01:31:00+00:00,5313331,349055
2024-05-14 01:32:00+00:00,5107282,324073
2024-05-14 01:33:00+00:00,4975878,316142
2024-05-14 01:34:00+00:00,5056234,326156
2024-05-14 01:35:00+00:00,5302852,335938
2024-05-14 01:36:00+00:00,5833547,357803
2024-05-14 01:37:00+00:00,5679204,343096
2024-05-14 01:38:00+00:00,5291256,320261
2024-05-14 01:39:00+00:00,5979841,360369
2024-05-14 01:40:00+00:00,5709341,347918
2024-05-14 01:41:00+00:00,5337123,332762
2024-05-14 01:42:00+00:00,5915172,358587
2024-05-14 01:43:00+00:00,5485990,346530
2024-05-14 01:44:00+00:00,5525609,364997
2024-05-14 01:45:00+00:00,5053797,323147
2024-05-14 01:46:00+00:00,5159738,317970
2024-05-14 01:47:00+00:00,5414560,347452
2024-05-14 01:48:00+00:00,5215468,326718
2024-05-14 01:49:00+00:00,5363318,321062
2024-05-14 01:50:00+00:00,5711179,349834
2024-05-14 01:51:00+00:00,5902015,363877
2024-05-14 01:52:00+00:00,5556282,354129
2024-05-14 01:53:00+00:00,5569261,356057
2024-05-14 01:54:00+00:00,5825389,343868
2024-05-14 01:55:00+00:00,5463522,339004
2024-05-14 01:56:00+00:00,5480227,354787
2024-05-14 01:57:00+00:00,5621286,341377
2024-05-14 01:58:00+00:00,5608239,342607
2024-05-14 01:59:00+00:00,5310395,334607
2024-05-14 02:00:00+00:00,5334067,346844
2024-05-14 02:01:00+00:00,5675548,358213
2024-05-14 02:02:00+00:00,5339948,321511
2024-05-14 02:03:00+00:00,5608825,347073
2024-05-14 02:04:00+00:00,5502716,345234
2024-05-14 02:05:00+00:00,5967631,377763
2024-05-14 02:06:00+00:00,5675619,361630
2024-05-14 02:07:00+00:00,5481381,345878
2024-05-14 02:08:00+00:00,5636388,352093
2024-05-14 02:09:00+00:00,5723958,355583
2024-05-14 02:10:00+00:00,5545147,333388
2024-05-14 02:11:00+00:00,6112777,360462
2024-05-14 02:12:00+00:00,5796469,370638
2024-05-14 02:13:00+00:00,5834048,374682
2024-05-14 02:14:00+00:00,5707337,349926
2024-05-14 02:15:00+00:00,5781432,339421
2024-05-14 02:16:00+00:00,5699814,362665
2024-05-14 02:17:00+00:00,5887563,374709
2024-05-14 02:18:00+00:00,5698199,362058
2024-05-14 02:19:00+00:00,5879391,370312
2024-05-14 02:20:00+00:00,5834598,364908
2024-05-14 02:21:00+00:00,5578493,344018
2024-05-14 02:22:00+00:00,5582549,346026
2024-05-14 02:23:00+00:00,6003463,367455
2024-05-14 02:24:00+00:00,6029636,381875
2024-05-14 02:25:00+00:00,5683742,348428
2024-05-14 02:26:00+00:00,5754387,351681
2024-05-14 02:27:00+00:00,5504602,349633
2024-05-14 02:28:00+00:00,5779614,361503
2024-05-14 02:29:00+00:00,5301440,333636
2024-05-14 02:30:00+00:00,5355835,347478
2024-05-14 02:31:00+00:00,5437371,343220
2024-05-14 02:32:00+00:00,5279023,329583
2024-05-14 02:33:00+00:00,5696571,352786
2024-05-14 02:34:00+00:00,5107397,313003
2024-05-14 02:35:00+00:00,5139148,321583
2024-05-14 02:36:00+00:00,5220045,332843
2024-05-14 02:37:00+00:00,5501710,352865
2024-05-14 02:38:00+00:00,5564484,346978
2024-05-14 02:39:00+00:00,5258035,325239
2024-05-14 02:40:00+00:00,5798855,360939
2024-05-14 02:41:00+00:00,5377934,322687
2024-05-14 02:42:00+00:00,5643285,343716
2024-05-14 02:43:00+00:00,5590798,362674
2024-05-14 02:44:00+00:00,5427510,340210
2024-05-14 02:45:00+00:00,5699647,347053
2024-05-14 02:46:00+00:00,5521494,339101
2024-05-14 02:47:00+00:00,5651839,338733
2024-05-14 02:48:00+00:00,5559713,357597
2024-05-14 02:49:00+00:00,5079395,303269
2024-05-14 02:50:00+00:00,5642879,343953
2024-05-14 02:51:00+00:00,5403408,335784
2024-05-14 02:52:00+00:00,5329466,335107
2024-05-14 02:53:00+00:00,5508239,339282
2024-05-14 02:54:00+00:00,5683658,340848
2024-05-14 02:55:00+00:00,5398266,344434
2024-05-14 02:56:00+00:00,5508717,343114
2024-05-14 02:57:00+00:00,5431117,341260
2024-05-14 02:58:00+00:00,5385269,334386
2024-05-14 02:59:00+00:00,5408646,342141
2024-05-14 03:00:00+00:00,5039273,301187
2024-05-14 03:01:00+00:00,4597672,286957
2024-05-14 03:02:00+00:00,4896793,301309
2024-05-14 03:03:00+00:00,5075453,304326
2024-05-14 03:04:00+00:00,4701080,298657
2024-05-14 03:05:00+00:00,4996360,312577
2024-05-14 03:06:00+00:00,4719184,298867
2024-05-14 03:07:00+00:00,4740658,300093
2024-05-14 03:08:00+00:00,4737345,293768
2024-05-14 03:09:00+00:00,4800167,299644
2024-05-14 03:10:00+00:00,4441230,284120
2024-05-14 03:11:00+00:00,4514762,280681
2024-05-14 03:12:00+00:00,4513568,293594
2024-05-14 03:13:00+00:00,4436523,295132
2024-05-14 03:14:00+00:00,4400752,274026
2024-05-14 03:15:00+00:00,3940753,238405
2024-05-14 03:16:00+00:00,4329162,275051
2024-05-14 03:17:00+00:00,4614498,278853
2024-05-14 03:18:00+00:00,4343671,281683
2024-05-14 03:19:00+00:00,4500677,276594
2024-05-14 03:20:00+00:00,4691655,298131
2024-05-14 03:21:00+00:00,4154529,251919
2024-05-14 03:22:00+00:00,4285717,280244
2024-05-14 03:23:00+00:00,4596417,294373
2024-05-14 03:24:00+00:00,4400102,276206
2024-05-14 03:25:00+00:00,4574123,288499
2024-05-14 03:26:00+00:00,4241721,275125
2024-05-14 03:27:00+00:00,4095276,257057
2024-05-14 03:28:00+00:00,4458168,287616
2024-05-14 03:29:00+00:00,4456532,273848
2024-05-14 03:30:00+00:00,4168057,249671
2024-05-14 03:31:00+00:00,4153457,263011
2024-05-14 03:32:00+00:00,4186212,279540
2024-05-14 03:33:00+00:00,4109653,249648
2024-05-14 03:34:00+00:00,3763062,224920
2024-05-14 03:35:00+00:00,3979637,240358
2024-05-14 03:36:00+00:00,4233663,248846
2024-05-14 03:37:00+00:00,4157306,262723
2024-05-14 03:38:00+00:00,3941845,252942
2024-05-14 03:39:00+00:00,4099687,255208
2024-05-14 03:40:00+00:00,4079442,268023
2024-05-14 03:41:00+00:00,4472855,267864
2024-05-14 03:42:00+00:00,4054589,242829
2024-05-14 03:43:00+00:00,4308292,285950
2024-05-14 03:44:00+00:00,4439363,279348
2024-05-14 03:45:00+00:00,4291011,280249
2024-05-14 03:46:00+00:00,4594063,280960
2024-05-14 03:47:00+00:00,4453689,280796
2024-05-14 03:48:00+00:00,4626096,291432
2024-05-14 03:49:00+00:00,4530361,284358
2024-05-14 03:50:00+00:00,4633281,286598
2024-05-14 03:51:00+00:00,4401807,276587
2024-05-14 03:52:00+00:00,4722909,293793
2024-05-14 03:53:00+00:00,4528488,281128
2024-05-14 03:54:00+00:00,4654970,305333
2024-05-14 03:55:00+00:00,4339468,283657
2024-05-14 03:56:00+00:00,4442759,287262
2024-05-14 03:57:00+00:00,4056863,261782
2024-05-14 03:58:00+00:00,4820393,291356
2024-05-14 03:59:00+00:00,4345984,279671
2024-05-14 04:00:00+00:00,4806593,295287
2024-05-14 04:01:00+00:00,4727376,292551
2024-05-14 04:02:00+00:00,4278587,278360
2024-05-14 04:03:00+00:00,4754429,296601
2024-05-14 04:04:00+00:00,4307326,272082
2024-05-14 04:05:00+00:00,4347069,261711
2024-05-14 04:06:00+00:00,4475609,271426
2024-05-14 04:07:00+00:00,4358479,271955
2024-05-14 04:08:00+00:00,4373713,278091
2024-05-14 04:09:00+00:00,4619143,297130
2024-05-14 04:10:00+00:00,4627738,292745
2024-05-14 04:11:00+00:00,4484785,276022
2024-05-14 04:12:00+00:00,4407778,273194
2024-05-14 04:13:00+00:00,4415784,281863
2024-05-14 04:14:00+00:00,4470215,278728
2024-05-14 04:15:00+00:00,4941737,306880
2024-05-14 04:16:00+00:00,4024763,250121
2024-05-14 04:17:00+00:00,4668972,304066
2024-05-14 04:18:00+00:00,4406476,286430
2024-05-14 04:19:00+00:00,5077521,331464
2024-05-14 04:20:00+00:00,4801920,314549
2024-05-14 04:21:00+00:00,4687400,310138
2024-05-14 04:22:00+00:00,4568225,295067
2024-05-14 04:23:00+00:00,4492052,284161
2024-05-14 04:24:00+00:00,4593454,287794
2024-05-14 04:25:00+00:00,4447156,270857
2024-05-14 04:26:00+00:00,4689298,296040
2024-05-14 04:27:00+00:00,4919826,307463
2024-05-14 04:28:00+00:00,4665030,297909
2024-05-14 04:29:00+00:00,4503239,286469
2024-05-14 04:30:00+00:00,4389246,289182
2024-05-14 04:31:00+00:00,3898040,242416
2024-05-14 04:32:00+00:00,4760245,281820
2024-05-14 04:33:00+00:00,4460095,267505
2024-05-14 04:34:00+00:00,4653869,303226
2024-05-14 04:35:00+00:00,4498069,278523
2024-05-14 04:36:00+00:00,4516011,289599
2024-05-14 04:37:00+00:00,4002202,262651
2024-05-14 04:38:00+00:00,4641949,298647
2024-05-14 04:39:00+00:00,4488925,276185
2024-05-14 04:40:00+00:00,4512182,290791
2024-05-14 04:41:00+00:00,4398208,262754
2024-05-14 04:42:00+00:00,4640497,294465
2024-05-14 04:43:00+00:00,4735674,302081
2024-05-14 04:44:00+00:00,4181634,274670
2024-05-14 04:45:00+00:00,4362294,259235
2024-05-14 04:46:00+00:00,4459408,279716
2024-05-14 04:47:00+00:00,5150048,316901
2024-05-14 04:48:00+00:00,4623082,290066
2024-05-14 04:49:00+00:00,4243552,279812
2024-05-14 04:50:00+00:00,4512129,289307
2024-05-14 04:51:00+00:00,5003104,313841
2024-05-14 04:52:00+00:00,4659164,298886
2024-05-14 04:53:00+00:00,4727629,303984
2024-05-14 04:54:00+00:00,4821566,309325
2024-05-14 04:55:00+00:00,4662996,295094
2024-05-14 04:56:00+00:00,4914604,317726
2024-05-14 04:57:00+00:00,4027608,265154
2024-05-14 04:58:00+00:00,4647437,302284
2024-05-14 04:59:00+00:00,4228550,267892
2024-05-14 05:00:00+00:00,4535558,294415
2024-05-14 05:01:00+00:00,4473322,288583
2024-05-14 05:02:00+00:00,4828230,314359
2024-05-14 05:03:00+00:00,5079793,330930
2024-05-14 05:04:00+00:00,4409430,272004
2024-05-14 05:05:00+00:00,4690465,314640
2024-05-14 05:06:00+00:00,5027999,318903
2024-05-14 05:07:00+00:00,4760032,311432
2024-05-14 05:08:00+00:00,4506155,295653
2024-05-14 05:09:00+00:00,4942832,320635
2024-05-14 05:10:00+00:00,4511169,282850
2024-05-14 05:11:00+00:00,4616558,299606
2024-05-14 05:12:00+00:00,3988994,240939
2024-05-14 05:13:00+00:00,4882618,299997
2024-05-14 05:14:00+00:00,4762544,318230
2024-05-14 05:15:00+00:00,4503711,283265
2024-05-14 05:16:00+00:00,5024382,314128
2024-05-14 05:17:00+00:00,4744422,318528
2024-05-14 05:18:00+00:00,5150756,339088
2024-05-14 05:19:00+00:00,5086296,341563
2024-05-14 05:20:00+00:00,4772551,313502
2024-05-14 05:21:00+00:00,4523783,295152
2024-05-14 05:22:00+00:00,4918369,307770
2024-05-14 05:23:00+00:00,5005401,320983
2024-05-14 05:24:00+00:00,4748566,301151
2024-05-14 05:25:00+00:00,4410810,281252
2024-05-14 05:26:00+00:00,4986683,334686
2024-05-14 05:27:00+00:00,5048618,315626
2024-05-14 05:28:00+00:00,4713256,308749
2024-05-14 05:29:00+00:00,5107291,322030
2024-05-14 05:30:00+00:00,4705847,288563
2024-05-14 05:31:00+00:00,4688080,306482
2024-05-14 05:32:00+00:00,4629852,311262
2024-05-14 05:33:00+00:00,5007155,317274
2024-05-14 05:34:00+00:00,5376500,335265
2024-05-14 05:35:00+00:00,5270534,332408
2024-05-14 05:36:00+00:00,4797662,316298
2024-05-14 05:37:00+00:00,5375353,342247
2024-05-14 05:38:00+00:00,5375728,347975
2024-05-14 05:39:00+00:00,5519240,356945
2024-05-14 05:40:00+00:00,5100169,329609
2024-05-14 05:41:00+00:00,5634458,349988
2024-05-14 05:42:00+00:00,5254708,356079
2024-05-14 05:43:00+00:00,5486197,336889
2024-05-14 05:44:00+00:00,5265417,340113
2024-05-14 05:45:00+00:00,5310576,347274
2024-05-14 05:46:00+00:00,4940533,324169
2024-05-14 05:47:00+00:00,4673170,296708
2024-05-14 05:48:00+00:00,5548755,364500
2024-05-14 05:49:00+00:00,4839488,302720
2024-05-14 05:50:00+00:00,5303299,353303
2024-05-14 05:51:00+00:00,5219446,331749
2024-05-14 05:52:00+00:00,4743195,314189
2024-05-14 05:53:00+00:00,4670965,301868
2024-05-14 05:54:00+00:00,4990517,333851
2024-05-14 05:55:00+00:00,5511194,363254
2024-05-14 05:56:00+00:00,5281996,340813
2024-05-14 05:57:00+00:00,5184027,339871
2024-05-14 05:58:00+00:00,5613095,362162
2024-05-14 05:59:00+00:00,5113307,322670
2024-05-14 06:00:00+00:00,5263469,322995
2024-05-14 06:01:00+00:00,5460881,356755
2024-05-14 06:02:00+00:00,5445381,337069
2024-05-14 06:03:00+00:00,5184432,330507
2024-05-14 06:04:00+00:00,5373188,349696
2024-05-14 06:05:00+00:00,4922971,326140
2024-05-14 06:06:00+00:00,5182475,339105
2024-05-14 06:07:00+00:00,5525231,353203
2024-05-14 06:08:00+00:00,4831284,331351
2024-05-14 06:09:00+00:00,5581405,353548
2024-05-14 06:10:00+00:00,5119154,335469
2024-05-14 06:11:00+00:00,5506667,365430
2024-05-14 06:12:00+00:00,5350521,353194
2024-05-14 06:13:00+00:00,5690078,360845
2024-05-14 06:14:00+00:00,5395504,355631
2024-05-14 06:15:00+00:00,5682988,386058
2024-05-14 06:16:00+00:00,5637289,371898
2024-05-14 06:17:00+00:00,5057264,306261
2024-05-14 06:18:00+00:00,5267410,323961
2024-05-14 06:19:00+00:00,5515378,337579
2024-05-14 06:20:00+00:00,5224529,321670
2024-05-14 06:21:00+00:00,5313378,353758
2024-05-14 06:22:00+00:00,5262786,318272
2024-05-14 06:23:00+00:00,5513791,357280
2024-05-14 06:24:00+00:00,5489119,334667
2024-05-14 06:25:00+00:00,5542966,371536
2024-05-14 06:26:00+00:00,5317060,342120
2024-05-14 06:27:00+00:00,5814817,373980
2024-05-14 06:28:00+00:00,5384341,345752
2024-05-14 06:29:00+00:00,4903860,318638
2024-05-14 06:30:00+00:00,5608580,345235
2024-05-14 06:31:00+00:00,5933018,378761
2024-05-14 06:32:00+00:00,6036346,374182
2024-05-14 06:33:00+00:00,5251750,332469
2024-05-14 06:34:00+00:00,6125329,367861
2024-05-14 06:35:00+00:00,4877111,314651
2024-05-14 06:36:00+00:00,5631204,360338
2024-05-14 06:37:00+00:00,5632981,377751
2024-05-14 06:38:00+00:00,5448152,347728
2024-05-14 06:39:00+00:00,6008659,381473
2024-05-14 06:40:00+00:00,6005393,389080
2024-05-14 06:41:00+00:00,5896152,373411
2024-05-14 06:42:00+00:00,6257518,372314
2024-05-14 06:43:00+00:00,6016615,388993
2024-05-14 06:44:00+00:00,6131661,396463
2024-05-14 06:45:00+00:00,6295941,403786
2024-05-14 06:46:00+00:00,6213310,397866
2024-05-14 06:47:00+00:00,6051640,386820
2024-05-14 06:48:00+00:00,6110188,389576
2024-05-14 06:49:00+00:00,6094557,375249
2024-05-14 06:50:00+00:00,5643987,356760
2024-05-14 06:51:00+00:00,6196797,390784
2024-05-14 06:52:00+00:00,6055503,389654
2024-05-14 06:53:00+00:00,5755997,359412
2024-05-14 06:54:00+00:00,5946069,381145
2024-05-14 06:55:00+00:00,6442571,408305
2024-05-14 06:56:00+00:00,6351094,394288
2024-05-14 06:57:00+00:00,6167882,384404
2024-05-14 06:58:00+00:00,6367420,414972
2024-05-14 06:59:00+00:00,5959021,376899
2024-05-14 07:00:00+00:00,5558505,347420
2024-05-14 07:01:00+00:00,5982232,391292
2024-05-14 07:02:00+00:00,5781460,386475
2024-05-14 07:03:00+00:00,5931857,391377
2024-05-14 07:04:00+00:00,5935309,379690
2024-05-14 07:05:00+00:00,6196459,406167
2024-05-14 07:06:00+00:00,6400101,406826
2024-05-14 07:07:00+00:00,6002966,387601
2024-05-14 07:08:00+00:00,6288956,399489
2024-05-14 07:09:00+00:00,5714579,371359
2024-05-14 07:10:00+00:00,5900042,374535
2024-05-14 07:11:00+00:00,6547311,405992
2024-05-14 07:12:00+00:00,6238708,403932
2024-05-14 07:13:00+00:00,5935136,377041
2024-05-14 07:14:00+00:00,5750122,358785
2024-05-14 07:15:00+00:00,6438299,396603
2024-05-14 07:16:00+00:00,6105801,398202
2024-05-14 07:17:00+00:00,6150074,391946
2024-05-14 07:18:00+00:00,6174129,384418
2024-05-14 07:19:00+00:00,6223947,426789
2024-05-14 07:20:00+00:00,6329646,386328
2024-05-14 07:21:00+00:00,6077519,376590
2024-05-14 07:22:00+00:00,6091841,389082
2024-05-14 07:23:00+00:00,6357424,411255
2024-05-14 07:24:00+00:00,6584917,417948
2024-05-14 07:25:00+00:00,6246864,405240
2024-05-14 07:26:00+00:00,6543581,411193
2024-05-14 07:27:00+00:00,6536759,416623
2024-05-14 07:28:00+00:00,6655227,417294
2024-05-14 07:29:00+00:00,6404922,406376
2024-05-14 07:30:00+00:00,6043071,377319
2024-05-14 07:31:00+00:00,6419002,409742
2024-05-14 07:32:00+00:00,6577156,396585
2024-05-14 07:33:00+00:00,6110367,406723
2024-05-14 07:34:00+00:00,5955313,382574
2024-05-14 07:35:00+00:00,6484816,413640
2024-05-14 07:36:00+00:00,6524078,415896
2024-05-14 07:37:00+00:00,5614466,346293
2024-05-14 07:38:00+00:00,5996980,381154
2024-05-14 07:39:00+00:00,6321716,403304
2024-05-14 07:40:00+00:00,5894514,379599
2024-05-14 07:41:00+00:00,6861152,435739
2024-05-14 07:42:00+00:00,6137526,405287
2024-05-14 07:43:00+00:00,6633290,423256
2024-05-14 07:44:00+00:00,5977409,390667
2024-05-14 07:45:00+00:00,6322580,413233
2024-05-14 07:46:00+00:00,5584108,374941
2024-05-14 07:47:00+00:00,6370224,407557
2024-05-14 07:48:00+00:00,6547829,412983
2024-05-14 07:49:00+00:00,5679665,352237
2024-05-14 07:50:00+00:00,6397895,412773
2024-05-14 07:51:00+00:00,6024725,387204
2024-05-14 07:52:00+00:00,5864844,379247
2024-05-14 07:53:00+00:00,6288830,396327
2024-05-14 07:54:00+00:00,6348724,417565
2024-05-14 07:55:00+00:00,6366760,413664
2024-05-14 07:56:00+00:00,6812835,444156
2024-05-14 07:57:00+00:00,6539066,417074
2024-05-14 07:58:00+00:00,6090935,386482
2024-05-14 07:59:00+00:00,6321587,414044
2024-05-14 08:00:00+00:00,5818145,391325
2024-05-14 08:01:00+00:00,6481248,411677
2024-05-14 08:02:00+00:00,6342383,402630
2024-05-14 08:03:00+00:00,6153487,396523
2024-05-14 08:04:00+00:00,5875128,362592
2024-05-14 08:05:00+00:00,6061784,393295
2024-05-14 08:06:00+00:00,5977910,385312
2024-05-14 08:07:00+00:00,6151584,403390
2024-05-14 08:08:00+00:00,5757849,377321
2024-05-14 08:09:00+00:00,5910239,395164
2024-05-14 08:10:00+00:00,6196229,390329
2024-05-14 08:11:00+00:00,6254923,419573
2024-05-14 08:12:00+00:00,6645974,418756
2024-05-14 08:13:00+00:00,6631746,415583
2024-05-14 08:14:00+00:00,6195862,411147
2024-05-14 08:15:00+00:00,6695189,429611
2024-05-14 08:16:00+00:00,6581399,426546
2024-05-14 08:17:00+00:00,6255537,393540
2024-05-14 08:18:00+00:00,6560402,423039
2024-05-14 08:19:00+00:00,6460038,400005
2024-05-14 08:20:00+00:00,6628550,418310
2024-05-14 08:21:00+00:00,6593626,414152
2024-05-14 08:22:00+00:00,6402257,426741
2024-05-14 08:23:00+00:00,6594934,432334
2024-05-14 08:24:00+00:00,6185738,409499
2024-05-14 08:25:00+00:00,6271029,386112
2024-05-14 08:26:00+00:00,5972907,378724
2024-05-14 08:27:00+00:00,5925036,385769
2024-05-14 08:28:00+00:00,6503056,417081
2024-05-14 08:29:00+00:00,6093622,386911
2024-05-14 08:30:00+00:00,6231192,390589
2024-05-14 08:31:00+00:00,6134752,387052
2024-05-14 08:32:00+00:00,6138532,395352
2024-05-14 08:33:00+00:00,6255952,402592
2024-05-14 08:34:00+00:00,5883249,378066
2024-05-14 08:35:00+00:00,6519912,403274
2024-05-14 08:36:00+00:00,6260630,404380
2024-05-14 08:37:00+00:00,6066877,408096
2024-05-14 08:38:00+00:00,5592908,360696
2024-05-14 08:39:00+00:00,5118555,329553
2024-05-14 08:40:00+00:00,5446218,342220
2024-05-14 08:41:00+00:00,5713964,357203
2024-05-14 08:42:00+00:00,5402147,355858
2024-05-14 08:43:00+00:00,5302296,341236
2024-05-14 08:44:00+00:00,5930926,378094
2024-05-14 08:45:00+00:00,6208606,396965
2024-05-14 08:46:00+00:00,6108739,414864
2024-05-14 08:47:00+00:00,5589391,348762
2024-05-14 08:48:00+00:00,5385198,348563
2024-05-14 08:49:00+00:00,5703544,370315
2024-05-14 08:50:00+00:00,5441516,351326
2024-05-14 08:51:00+00:00,5342046,330909
2024-05-14 08:52:00+00:00,5748072,369920
2024-05-14 08:53:00+00:00,5500957,348949
2024-05-14 08:54:00+00:00,5747559,362604
2024-05-14 08:55:00+00:00,5726515,356262
2024-05-14 08:56:00+00:00,5635153,360682
2024-05-14 08:57:00+00:00,5902591,373427
2024-05-14 08:58:00+00:00,5915307,382459
2024-05-14 08:59:00+00:00,5777951,378496
2024-05-14 09:00:00+00:00,5625092,371824
2024-05-14 09:01:00+00:00,5160042,338281
2024-05-14 09:02:00+00:00,4560921,296723
2024-05-14 09:03:00+00:00,5517283,356734
2024-05-14 09:04:00+00:00,5550862,357688
2024-05-14 09:05:00+00:00,5249716,334258
2024-05-14 09:06:00+00:00,5884536,361864
2024-05-14 09:07:00+00:00,6009997,392458
2024-05-14 09:08:00+00:00,5234960,328517
2024-05-14 09:09:00+00:00,5657900,361482
2024-05-14 09:10:00+00:00,5625031,365390
2024-05-14 09:11:00+00:00,5625190,375248
2024-05-14 09:12:00+00:00,6026342,388590
2024-05-14 09:13:00+00:00,5603823,361346
2024-05-14 09:14:00+00:00,5227133,336630
2024-05-14 09:15:00+00:00,6032797,385388
2024-05-14 09:16:00+00:00,5801050,368671
2024-05-14 09:17:00+00:00,5426944,348226
2024-05-14 09:18:00+00:00,5769820,372534
2024-05-14 09:19:00+00:00,5613604,367464
2024-05-14 09:20:00+00:00,5914201,381668
2024-05-14 09:21:00+00:00,6033495,387895
2024-05-14 09:22:00+00:00,5843167,374580
2024-05-14 09:23:00+00:00,6136039,398364
2024-05-14 09:24:00+00:00,5843780,388708
2024-05-14 09:25:00+00:00,6289266,393386
2024-05-14 09:26:00+00:00,6217014,403487
2024-05-14 09:27:00+00:00,5968249,380090
2024-05-14 09:28:00+00:00,5676692,370362
2024-05-14 09:29:00+00:00,5477568,364836
2024-05-14 09:30:00+00:00,5827026,393715
2024-05-14 09:31:00+00:00,5940543,394169
2024-05-14 09:32:00+00:00,5787475,390023
2024-05-14 09:33:00+00:00,5978497,394419
2024-05-14 09:34:00+00:00,5592166,373140
2024-05-14 09:35:00+00:00,5985387,374616
2024-05-14 09:36:00+00:00,5760385,384133
2024-05-14 09:37:00+00:00,5622093,382778
2024-05-14 09:38:00+00:00,5705935,377485
2024-05-14 09:39:00+00:00,5712745,363524
2024-05-14 09:40:00+00:00,5471984,363205
2024-05-14 09:41:00+00:00,5836460,382088
2024-05-14 09:42:00+00:00,5427824,352519
2024-05-14 09:43:00+00:00,6175674,396327
2024-05-14 09:44:00+00:00,5267375,353728
2024-05-14 09:45:00+00:00,5679359,360745
2024-05-14 09:46:00+00:00,5892777,386161
2024-05-14 09:47:00+00:00,5835253,368964
2024-05-14 09:48:00+00:00,6204702,390961
2024-05-14 09:49:00+00:00,5419709,342721
2024-05-14 09:50:00+00:00,5702789,369129
2024-05-14 09:51:00+00:00,5519283,356021
2024-05-14 09:52:00+00:00,5293404,344603
2024-05-14 09:53:00+00:00,5632744,377342
2024-05-14 09:54:00+00:00,5245870,325958
2024-05-14 09:55:00+00:00,6069963,399927
2024-05-14 09:56:00+00:00,5572824,371424
2024-05-14 09:57:00+00:00,5648581,386779
2024-05-14 09:58:00+00:00,4972653,326519
2024-05-14 09:59:00+00:00,5432088,353642
2024-05-14 10:00:00+00:00,5782069,373564
2024-05-14 10:01:00+00:00,5706606,357747
2024-05-14 10:02:00+00:00,5408298,330970
2024-05-14 10:03:00+00:00,5536479,351561
2024-05-14 10:04:00+00:00,5061377,328953
2024-05-14 10:05:00+00:00,5194780,332188
2024-05-14 10:06:00+00:00,4719158,303492
2024-05-14 10:07:00+00:00,4746622,294425
2024-05-14 10:08:00+00:00,4592997,305198
2024-05-14 10:09:00+00:00,5039350,310578
2024-05-14 10:10:00+00:00,4861616,316921
2024-05-14 10:11:00+00:00,5141647,334207
2024-05-14 10:12:00+00:00,5197405,331616
2024-05-14 10:13:00+00:00,4959380,324972
2024-05-14 10:14:00+00:00,5123190,331500
2024-05-14 10:15:00+00:00,5305633,346426
2024-05-14 10:16:00+00:00,5392201,357131
2024-05-14 10:17:00+00:00,4774037,313514
2024-05-14 10:18:00+00:00,4323743,279453
2024-05-14 10:19:00+00:00,4232904,271150
2024-05-14 10:20:00+00:00,5249326,345632
2024-05-14 10:21:00+00:00,4795784,312251
2024-05-14 10:22:00+00:00,5291282,342944
2024-05-14 10:23:00+00:00,5043165,323430
2024-05-14 10:24:00+00:00,5309846,343435
2024-05-14 10:25:00+00:00,5402750,363872
2024-05-14 10:26:00+00:00,5380319,334441
2024-05-14 10:27:00+00:00,4895067,305529
2024-05-14 10:28:00+00:00,4933783,315871
2024-05-14 10:29:00+00:00,5049948,320404
2024-05-14 10:30:00+00:00,5006333,313147
2024-05-14 10:31:00+00:00,5611397,371848
2024-05-14 10:32:00+00:00,5230584,347747
2024-05-14 10:33:00+00:00,5325730,350487
2024-05-14 10:34:00+00:00,5174075,333562
2024-05-14 10:35:00+00:00,5596509,362563
2024-05-14 10:36:00+00:00,5310738,331216
2024-05-14 10:37:00+00:00,5364115,356730
2024-05-14 10:38:00+00:00,5531774,351678
2024-05-14 10:39:00+00:00,5308357,340929
2024-05-14 10:40:00+00:00,5694948,357791
2024-05-14 10:41:00+00:00,5231916,333770
2024-05-14 10:42:00+00:00,5016393,306441
2024-05-14 10:43:00+00:00,5384001,354296
2024-05-14 10:44:00+00:00,5466256,343491
2024-05-14 10:45:00+00:00,5603967,354778
2024-05-14 10:46:00+00:00,5571767,350645
2024-05-14 10:47:00+00:00,5391339,348086
2024-05-14 10:48:00+00:00,5419263,356143
2024-05-14 10:49:00+00:00,5697307,359021
2024-05-14 10:50:00+00:00,5276739,342265
2024-05-14 10:51:00+00:00,5304025,342797
2024-05-14 10:52:00+00:00,5323226,351366
2024-05-14 10:53:00+00:00,5745353,363114
2024-05-14 10:54:00+00:00,5314187,349958
2024-05-14 10:55:00+00:00,5634428,359231
2024-05-14 10:56:00+00:00,5590502,360186
2024-05-14 10:57:00+00:00,5539448,367156
2024-05-14 10:58:00+00:00,5317600,345980
2024-05-14 10:59:00+00:00,5056525,324589
2024-05-14 11:00:00+00:00,4894981,311629
2024-05-14 11:01:00+00:00,4718407,305984
2024-05-14 11:02:00+00:00,5221885,343813
2024-05-14 11:03:00+00:00,5549472,357804
2024-05-14 11:04:00+00:00,5740435,355803
2024-05-14 11:05:00+00:00,5340833,326301
2024-05-14 11:06:00+00:00,5014260,317675
2024-05-14 11:07:00+00:00,5439843,313891
2024-05-14 11:08:00+00:00,5762219,355263
2024-05-14 11:09:00+00:00,5481891,347134
2024-05-14 11:10:00+00:00,5666825,352126
2024-05-14 11:11:00+00:00,5755853,362534
2024-05-14 11:12:00+00:00,5469314,347317
2024-05-14 11:13:00+00:00,5740225,359499
2024-05-14 11:14:00+00:00,6080096,371423
2024-05-14 11:15:00+00:00,5855636,367609
2024-05-14 11:16:00+00:00,6134169,371176
2024-05-14 11:17:00+00:00,5537721,323909
2024-05-14 11:18:00+00:00,5787208,369305
2024-05-14 11:19:00+00:00,5350442,316649
2024-05-14 11:20:00+00:00,5890044,368057
2024-05-14 11:21:00+00:00,5557195,353265
2024-05-14 11:22:00+00:00,5770271,340918
2024-05-14 11:23:00+00:00,5649252,345939
2024-05-14 11:24:00+00:00,5171177,309403
2024-05-14 11:25:00+00:00,5912315,376411
2024-05-14 11:26:00+00:00,5739735,344109
2024-05-14 11:27:00+00:00,5393022,322095
2024-05-14 11:28:00+00:00,5858177,367989
2024-05-14 11:29:00+00:00,5737473,344353
2024-05-14 11:30:00+00:00,5816992,368380
2024-05-14 11:31:00+00:00,5894754,354967
2024-05-14 11:32:00+00:00,5926297,356544
2024-05-14 11:33:00+00:00,5472529,343177
2024-05-14 11:34:00+00:00,5593043,325506
2024-05-14 11:35:00+00:00,5866616,365120
2024-05-14 11:36:00+00:00,6010177,386148
2024-05-14 11:37:00+00:00,5760056,356687
2024-05-14 11:38:00+00:00,5816206,356430
2024-05-14 11:39:00+00:00,5668041,334700
2024-05-14 11:40:00+00:00,5695326,362495
2024-05-14 11:41:00+00:00,6017358,377564
2024-05-14 11:42:00+00:00,5598825,339121
2024-05-14 11:43:00+00:00,5876100,358055
2024-05-14 11:44:00+00:00,5598969,358564
2024-05-14 11:45:00+00:00,5930992,366317
2024-05-14 11:46:00+00:00,6272665,379107
2024-05-14 11:47:00+00:00,5676180,346985
2024-05-14 11:48:00+00:00,6127972,356672
2024-05-14 11:49:00+00:00,5594524,346486
2024-05-14 11:50:00+00:00,6048901,360509
2024-05-14 11:51:00+00:00,6510229,402041
2024-05-14 11:52:00+00:00,6345853,398731
2024-05-14 11:53:00+00:00,5965124,373028
2024-05-14 11:54:00+00:00,5758680,343615
2024-05-14 11:55:00+00:00,5829688,359711
2024-05-14 11:56:00+00:00,6041406,376841
2024-05-14 11:57:00+00:00,6189633,398488
2024-05-14 11:58:00+00:00,5843299,365889
2024-05-14 11:59:00+00:00,6046947,378260
2024-05-14 12:00:00+00:00,6085870,366216
2024-05-14 12:01:00+00:00,6056164,380619
2024-05-14 12:02:00+00:00,5876244,380130
2024-05-14 12:03:00+00:00,6577508,415111
2024-05-14 12:04:00+00:00,6090121,380922
2024-05-14 12:05:00+00:00,6017430,377720
2024-05-14 12:06:00+00:00,5971994,368965
2024-05-14 12:07:00+00:00,5816403,358139
2024-05-14 12:08:00+00:00,6356355,374069
2024-05-14 12:09:00+00:00,6367547,393670
2024-05-14 12:10:00+00:00,6557262,397727
2024-05-14 12:11:00+00:00,6106734,375254
2024-05-14 12:12:00+00:00,6180992,382743
2024-05-14 12:13:00+00:00,5813822,356523
2024-05-14 12:14:00+00:00,6045965,383515
2024-05-14 12:15:00+00:00,6050522,374171
2024-05-14 12:16:00+00:00,5743703,355936
2024-05-14 12:17:00+00:00,6687402,408476
2024-05-14 12:18:00+00:00,6283732,400783
2024-05-14 12:19:00+00:00,6059804,384718
2024-05-14 12:20:00+00:00,6736827,406261
2024-05-14 12:21:00+00:00,6722734,398897
2024-05-14 12:22:00+00:00,6364188,401770
2024-05-14 12:23:00+00:00,6668156,417198
2024-05-14 12:24:00+00:00,6207313,373621
2024-05-14 12:25:00+00:00,6769508,446883
2024-05-14 12:26:00+00:00,6342523,410731
2024-05-14 12:27:00+00:00,6234678,383251
2024-05-14 12:28:00+00:00,6515068,400221
2024-05-14 12:29:00+00:00,6484028,420410
2024-05-14 12:30:00+00:00,6118181,389260
2024-05-14 12:31:00+00:00,7054664,428458
2024-05-14 12:32:00+00:00,6662964,404155
2024-05-14 12:33:00+00:00,6441104,396883
2024-05-14 12:34:00+00:00,6598430,401971
2024-05-14 12:35:00+00:00,6294298,400215
2024-05-14 12:36:00+00:00,6298798,367125
2024-05-14 12:37:00+00:00,6637497,414671
2024-05-14 12:38:00+00:00,6621245,404325
2024-05-14 12:39:00+00:00,5862909,352549
2024-05-14 12:40:00+00:00,5991067,368700
2024-05-14 12:41:00+00:00,5839919,360996
2024-05-14 12:42:00+00:00,6500747,382721
2024-05-14 12:43:00+00:00,5980022,364489
2024-05-14 12:44:00+00:00,6162283,379727
2024-05-14 12:45:00+00:00,6383884,396277
2024-05-14 12:46:00+00:00,7294276,451228
2024-05-14 12:47:00+00:00,6806598,419062
2024-05-14 12:48:00+00:00,6793121,429977
2024-05-14 12:49:00+00:00,6440231,410367
2024-05-14 12:50:00+00:00,6399576,400302
2024-05-14 12:51:00+00:00,6456653,385075
2024-05-14 12:52:00+00:00,6550059,406670
2024-05-14 12:53:00+00:00,7400474,432684
2024-05-14 12:54:00+00:00,6505100,385373
2024-05-14 12:55:00+00:00,6685711,419515
2024-05-14 12:56:00+00:00,6418569,385446
2024-05-14 12:57:00+00:00,6535462,406560
2024-05-14 12:58:00+00:00,6312107,385713
2024-05-14 12:59:00+00:00,6558270,392274
2024-05-14 13:00:00+00:00,6918832,411002
2024-05-14 13:01:00+00:00,6045588,375470
2024-05-14 13:02:00+00:00,6080767,369935
2024-05-14 13:03:00+00:00,6103908,382457
2024-05-14 13:04:00+00:00,5951684,377899
2024-05-14 13:05:00+00:00,6877800,424341
2024-05-14 13:06:00+00:00,6311138,373751
2024-05-14 13:07:00+00:00,6276845,386817
2024-05-14 13:08:00+00:00,6092128,366470
2024-05-14 13:09:00+00:00,6290039,395645
2024-05-14 13:10:00+00:00,5811631,361275
2024-05-14 13:11:00+00:00,5982013,367410
2024-05-14 13:12:00+00:00,6097289,380237
2024-05-14 13:13:00+00:00,5400881,329455
2024-05-14 13:14:00+00:00,6606580,418197
2024-05-14 13:15:00+00:00,7003246,423403
2024-05-14 13:16:00+00:00,7236544,448259
2024-05-14 13:17:00+00:00,6837822,432025
2024-05-14 13:18:00+00:00,6805912,419866
2024-05-14 13:19:00+00:00,6235398,392914
2024-05-14 13:20:00+00:00,6058134,385584
2024-05-14 13:21:00+00:00,6355935,390553
2024-05-14 13:22:00+00:00,5551247,340268
2024-05-14 13:23:00+00:00,6235055,378092
2024-05-14 13:24:00+00:00,6154033,360284
2024-05-14 13:25:00+00:00,6094499,371429
2024-05-14 13:26:00+00:00,5645506,355644
2024-05-14 13:27:00+00:00,6246650,384664
2024-05-14 13:28:00+00:00,5636077,338312
2024-05-14 13:29:00+00:00,6509411,411073
2024-05-14 13:30:00+00:00,7296177,442393
2024-05-14 13:31:00+00:00,7273444,431323
2024-05-14 13:32:00+00:00,6709045,394630
2024-05-14 13:33:00+00:00,6401294,387803
2024-05-14 13:34:00+00:00,6088377,365693
2024-05-14 13:35:00+00:00,5852670,342447
2024-05-14 13:36:00+00:00,6092192,370750
2024-05-14 13:37:00+00:00,6732382,404835
2024-05-14 13:38:00+00:00,6600494,431549
2024-05-14 13:39:00+00:00,6968033,443546
2024-05-14 13:40:00+00:00,6884617,420317
2024-05-14 13:41:00+00:00,6207371,375853
2024-05-14 13:42:00+00:00,6728589,413054
2024-05-14 13:43:00+00:00,7389285,448889
2024-05-14 13:44:00+00:00,6589738,395889
2024-05-14 13:45:00+00:00,6702007,405315
2024-05-14 13:46:00+00:00,7066577,423293
2024-05-14 13:47:00+00:00,6414906,380094
2024-05-14 13:48:00+00:00,6989845,429118
2024-05-14 13:49:00+00:00,7468019,460856
2024-05-14 13:50:00+00:00,8234930,521667
2024-05-14 13:51:00+00:00,7827823,475182
2024-05-14 13:52:00+00:00,7587768,445971
2024-05-14 13:53:00+00:00,7697663,474214
2024-05-14 13:54:00+00:00,6103467,380426
2024-05-14 13:55:00+00:00,6992022,426431
2024-05-14 13:56:00+00:00,7527200,462678
2024-05-14 13:57:00+00:00,6962794,425677
2024-05-14 13:58:00+00:00,7153272,444966
2024-05-14 13:59:00+00:00,7287070,444891
2024-05-14 14:00:00+00:00,7210523,435523
2024-05-14 14:01:00+00:00,7045955,438553
2024-05-14 14:02:00+00:00,6679848,398074
2024-05-14 14:03:00+00:00,6754212,418292
2024-05-14 14:04:00+00:00,6590059,413154
2024-05-14 14:05:00+00:00,6794446,412393
2024-05-14 14:06:00+00:00,7291736,430386
2024-05-14 14:07:00+00:00,7580244,457522
2024-05-14 14:08:00+00:00,6628530,407759
2024-05-14 14:09:00+00:00,6477111,402844
2024-05-14 14:10:00+00:00,7276779,431246
2024-05-14 14:11:00+00:00,6775419,403769
2024-05-14 14:12:00+00:00,7632542,453562
2024-05-14 14:13:00+00:00,7968196,474349
2024-05-14 14:14:00+00:00,7307453,443050
2024-05-14 14:15:00+00:00,7260044,449012
2024-05-14 14:16:00+00:00,7947311,489067
2024-05-14 14:17:00+00:00,7740517,449766
2024-05-14 14:18:00+00:00,7490358,448886
2024-05-14 14:19:00+00:00,7309076,436928
2024-05-14 14:20:00+00:00,7282378,459906
2024-05-14 14:21:00+00:00,7122570,434984
2024-05-14 14:22:00+00:00,7431431,449854
2024-05-14 14:23:00+00:00,7334785,463477
2024-05-14 14:24:00+00:00,6896210,415400
2024-05-14 14:25:00+00:00,7083548,438167
2024-05-14 14:26:00+00:00,6402451,392550
2024-05-14 14:27:00+00:00,6979868,436184
2024-05-14 14:28:00+00:00,7616697,425702
2024-05-14 14:29:00+00:00,6951796,416635
2024-05-14 14:30:00+00:00,7062257,433947
2024-05-14 14:31:00+00:00,6495900,404761
2024-05-14 14:32:00+00:00,7006086,414769
2024-05-14 14:33:00+00:00,6856045,420362
2024-05-14 14:34:00+00:00,6337549,384018
2024-05-14 14:35:00+00:00,6970745,422680
2024-05-14 14:36:00+00:00,7312906,442291
2024-05-14 14:37:00+00:00,6411500,387375
2024-05-14 14:38:00+00:00,6876481,410732
2024-05-14 14:39:00+00:00,7076323,428311
2024-05-14 14:40:00+00:00,6686424,408865
2024-05-14 14:41:00+00:00,7172905,443648
2024-05-14 14:42:00+00:00,7737639,468321
2024-05-14 14:43:00+00:00,5525811,323290
2024-05-14 14:44:00+00:00,6652139,409002
2024-05-14 14:45:00+00:00,7233967,424118
2024-05-14 14:46:00+00:00,7214797,440623
2024-05-14 14:47:00+00:00,7005885,442306
2024-05-14 14:48:00+00:00,7662999,465762
2024-05-14 14:49:00+00:00,7950765,479220
2024-05-14 14:50:00+00:00,8164254,491601
2024-05-14 14:51:00+00:00,7130930,428588
2024-05-14 14:52:00+00:00,7969770,484236
2024-05-14 14:53:00+00:00,7583015,447689
2024-05-14 14:54:00+00:00,7565598,433230
2024-05-14 14:55:00+00:00,6420619,401059
2024-05-14 14:56:00+00:00,7945604,487357
2024-05-14 14:57:00+00:00,7692695,456765
2024-05-14 14:58:00+00:00,7833476,471819
2024-05-14 14:59:00+00:00,7344534,451025
2024-05-14 15:00:00+00:00,7107055,422603
2024-05-14 15:01:00+00:00,7109442,430555
2024-05-14 15:02:00+00:00,7452513,442753
2024-05-14 15:03:00+00:00,6893110,415413
2024-05-14 15:04:00+00:00,7287415,446283
2024-05-14 15:05:00+00:00,7495069,441167
2024-05-14 15:06:00+00:00,7629563,458923
2024-05-14 15:07:00+00:00,7301884,434931
2024-05-14 15:08:00+00:00,6994663,413416
2024-05-14 15:09:00+00:00,6961380,420549
2024-05-14 15:10:00+00:00,6384062,383725
2024-05-14 15:11:00+00:00,7022871,407510
2024-05-14 15:12:00+00:00,7046058,433407
2024-05-14 15:13:00+00:00,6513180,396513
2024-05-14 15:14:00+00:00,7037379,413505
2024-05-14 15:15:00+00:00,7112515,431534
2024-05-14 15:16:00+00:00,7136108,432421
2024-05-14 15:17:00+00:00,6554938,410569
2024-05-14 15:18:00+00:00,6830752,414770
2024-05-14 15:19:00+00:00,7103998,423234
2024-05-14 15:20:00+00:00,7879747,464524
2024-05-14 15:21:00+00:00,7442284,453282
2024-05-14 15:22:00+00:00,7676476,468736
2024-05-14 15:23:00+00:00,6903889,418845
2024-05-14 15:24:00+00:00,6007575,363928
2024-05-14 15:25:00+00:00,7380263,435357
2024-05-14 15:26:00+00:00,7218671,425327
2024-05-14 15:27:00+00:00,6865724,417960
2024-05-14 15:28:00+00:00,6667860,396305
2024-05-14 15:29:00+00:00,7252805,404889
2024-05-14 15:30:00+00:00,6586725,383460
2024-05-14 15:31:00+00:00,6580176,386617
2024-05-14 15:32:00+00:00,6341873,379513
2024-05-14 15:33:00+00:00,6212205,366953
2024-05-14 15:34:00+00:00,5758409,342791
2024-05-14 15:35:00+00:00,6343384,381914
2024-05-14 15:36:00+00:00,6327713,381437
2024-05-14 15:37:00+00:00,6676044,412567
2024-05-14 15:38:00+00:00,5998262,363411
2024-05-14 15:39:00+00:00,6348856,372669
2024-05-14 15:40:00+00:00,6512709,386273
2024-05-14 15:41:00+00:00,6700528,387592
2024-05-14 15:42:00+00:00,6249200,378618
2024-05-14 15:43:00+00:00,6064224,375888
2024-05-14 15:44:00+00:00,6322755,374690
2024-05-14 15:45:00+00:00,6602532,403756
2024-05-14 15:46:00+00:00,5792116,360238
2024-05-14 15:47:00+00:00,5094296,303092
2024-05-14 15:48:00+00:00,5293648,321119
2024-05-14 15:49:00+00:00,6415791,390275
2024-05-14 15:50:00+00:00,5945222,349992
2024-05-14 15:51:00+00:00,6236698,365956
2024-05-14 15:52:00+00:00,5986503,360928
2024-05-14 15:53:00+00:00,6371179,370474
2024-05-14 15:54:00+00:00,6694408,403263
2024-05-14 15:55:00+00:00,7284337,439014
2024-05-14 15:56:00+00:00,6548682,394428
2024-05-14 15:57:00+00:00,7380876,444130
2024-05-14 15:58:00+00:00,6053062,377642
2024-05-14 15:59:00+00:00,7038769,398167
2024-05-14 16:00:00+00:00,7029918,400598
2024-05-14 16:01:00+00:00,6952901,439250
2024-05-14 16:02:00+00:00,7138666,427676
2024-05-14 16:03:00+00:00,6540152,367852
2024-05-14 16:04:00+00:00,5855438,348602
2024-05-14 16:05:00+00:00,6377853,383233
2024-05-14 16:06:00+00:00,6299916,376366
2024-05-14 16:07:00+00:00,6495017,391072
2024-05-14 16:08:00+00:00,7279536,420113
2024-05-14 16:09:00+00:00,5545599,346377
2024-05-14 16:10:00+00:00,5979154,363640
2024-05-14 16:11:00+00:00,6195353,363167
2024-05-14 16:12:00+00:00,5508541,335216
2024-05-14 16:13:00+00:00,6198285,372694
2024-05-14 16:14:00+00:00,6548443,379862
2024-05-14 16:15:00+00:00,5985621,353430
2024-05-14 16:16:00+00:00,5804943,340572
2024-05-14 16:17:00+00:00,6341981,368825
2024-05-14 16:18:00+00:00,6031618,350235
2024-05-14 16:19:00+00:00,5676156,350488
2024-05-14 16:20:00+00:00,6449086,382210
2024-05-14 16:21:00+00:00,6077093,363909
2024-05-14 16:22:00+00:00,6158137,379663
2024-05-14 16:23:00+00:00,6245341,370093
2024-05-14 16:24:00+00:00,6578238,400288
2024-05-14 16:25:00+00:00,5865958,359266
2024-05-14 16:26:00+00:00,5339346,305117
2024-05-14 16:27:00+00:00,5336158,321070
2024-05-14 16:28:00+00:00,5132310,304485
2024-05-14 16:29:00+00:00,5345754,313874
2024-05-14 16:30:00+00:00,5703813,337696
2024-05-14 16:31:00+00:00,6149224,363221
2024-05-14 16:32:00+00:00,5789533,356710
2024-05-14 16:33:00+00:00,5534984,331619
2024-05-14 16:34:00+00:00,5161569,313652
2024-05-14 16:35:00+00:00,6005932,355013
2024-05-14 16:36:00+00:00,5923275,351490
2024-05-14 16:37:00+00:00,6015297,363945
2024-05-14 16:38:00+00:00,6709287,391024
2024-05-14 16:39:00+00:00,6081313,373329
2024-05-14 16:40:00+00:00,6559818,373150
2024-05-14 16:41:00+00:00,7107259,424810
2024-05-14 16:42:00+00:00,6601519,405877
2024-05-14 16:43:00+00:00,6484834,383450
2024-05-14 16:44:00+00:00,6318362,395076
2024-05-14 16:45:00+00:00,6227940,374353
2024-05-14 16:46:00+00:00,5782635,358151
2024-05-14 16:47:00+00:00,6663875,399714
2024-05-14 16:48:00+00:00,6200949,370869
2024-05-14 16:49:00+00:00,6309891,371022
2024-05-14 16:50:00+00:00,6286117,394978
2024-05-14 16:51:00+00:00,6276004,379472
2024-05-14 16:52:00+00:00,6149069,375786
2024-05-14 16:53:00+00:00,6357124,381221
2024-05-14 16:54:00+00:00,6239094,365160
2024-05-14 16:55:00+00:00,6628087,386513
2024-05-14 16:56:00+00:00,5536418,345622
2024-05-14 16:57:00+00:00,5473768,329488
2024-05-14 16:58:00+00:00,6258781,387706
2024-05-14 16:59:00+00:00,5160837,319050
2024-05-14 17:00:00+00:00,5570186,324484
2024-05-14 17:01:00+00:00,6173901,372537
2024-05-14 17:02:00+00:00,5874588,360280
2024-05-14 17:03:00+00:00,6120339,359819
2024-05-14 17:04:00+00:00,6112622,364241
2024-05-14 17:05:00+00:00,5672746,351396
2024-05-14 17:06:00+00:00,5710248,349613
2024-05-14 17:07:00+00:00,6248563,382535
2024-05-14 17:08:00+00:00,5978182,372552
2024-05-14 17:09:00+00:00,5863892,338873
2024-05-14 17:10:00+00:00,5783276,349514
2024-05-14 17:11:00+00:00,4759084,279007
2024-05-14 17:12:00+00:00,6056123,377744
2024-05-14 17:13:00+00:00,6370483,397631
2024-05-14 17:14:00+00:00,5947659,374009
2024-05-14 17:15:00+00:00,6116102,374894
2024-05-14 17:16:00+00:00,5644718,352895
2024-05-14 17:17:00+00:00,5367215,329851
2024-05-14 17:18:00+00:00,5414542,318557
2024-05-14 17:19:00+00:00,5279234,323299
2024-05-14 17:20:00+00:00,5537867,344225
2024-05-14 17:21:00+00:00,6209835,365961
2024-05-14 17:22:00+00:00,5694916,341604
2024-05-14 17:23:00+00:00,5108861,312884
2024-05-14 17:24:00+00:00,5589099,329845
2024-05-14 17:25:00+00:00,5134465,312675
2024-05-14 17:26:00+00:00,5344040,320368
2024-05-14 17:27:00+00:00,5044046,302803
2024-05-14 17:28:00+00:00,6058300,353408
2024-05-14 17:29:00+00:00,5556021,331191
2024-05-14 17:30:00+00:00,5498367,325712
2024-05-14 17:31:00+00:00,5805988,355239
2024-05-14 17:32:00+00:00,6082682,373632
2024-05-14 17:33:00+00:00,5345204,328077
2024-05-14 17:34:00+00:00,5398892,328888
2024-05-14 17:35:00+00:00,5375827,308839
2024-05-14 17:36:00+00:00,5450833,327026
2024-05-14 17:37:00+00:00,4656310,275709
2024-05-14 17:38:00+00:00,4469066,279863
2024-05-14 17:39:00+00:00,5184824,315186
2024-05-14 17:40:00+00:00,5401485,343235
2024-05-14 17:41:00+00:00,5506667,324870
2024-05-14 17:42:00+00:00,5386079,336187
2024-05-14 17:43:00+00:00,5022199,307960
2024-05-14 17:44:00+00:00,5051929,313368
2024-05-14 17:45:00+00:00,5642115,341086
2024-05-14 17:46:00+00:00,5300316,326027
2024-05-14 17:47:00+00:00,5749424,348624
2024-05-14 17:48:00+00:00,6683630,390194
2024-05-14 17:49:00+00:00,5415600,325569
2024-05-14 17:50:00+00:00,5892254,366636
2024-05-14 17:51:00+00:00,6356015,367385
2024-05-14 17:52:00+00:00,6533764,382244
2024-05-14 17:53:00+00:00,6436532,385096
2024-05-14 17:54:00+00:00,6077882,355229
2024-05-14 17:55:00+00:00,6279985,379928
2024-05-14 17:56:00+00:00,5335648,321832
2024-05-14 17:57:00+00:00,6329673,377860
2024-05-14 17:58:00+00:00,5876243,365151
2024-05-14 17:59:00+00:00,6001871,350225
2024-05-14 18:00:00+00:00,6083199,375304
2024-05-14 18:01:00+00:00,6651736,409473
2024-05-14 18:02:00+00:00,6297431,368414
2024-05-14 18:03:00+00:00,6497373,378436
2024-05-14 18:04:00+00:00,5724711,341710
2024-05-14 18:05:00+00:00,5915976,356905
2024-05-14 18:06:00+00:00,5993511,351811
2024-05-14 18:07:00+00:00,5356876,323248
2024-05-14 18:08:00+00:00,6069361,360242
2024-05-14 18:09:00+00:00,5693909,324082
2024-05-14 18:10:00+00:00,5984912,358934
2024-05-14 18:11:00+00:00,6087254,356187
2024-05-14 18:12:00+00:00,5402765,317007
2024-05-14 18:13:00+00:00,6039386,368951
2024-05-14 18:14:00+00:00,5980778,358772
2024-05-14 18:15:00+00:00,5537770,343714
2024-05-14 18:16:00+00:00,5806072,348755
2024-05-14 18:17:00+00:00,5868103,351735
2024-05-14 18:18:00+00:00,5977818,372396
2024-05-14 18:19:00+00:00,6479520,392595
2024-05-14 18:20:00+00:00,6267464,384058
2024-05-14 18:21:00+00:00,6448287,384401
2024-05-14 18:22:00+00:00,6034057,360388
2024-05-14 18:23:00+00:00,6138859,371460
2024-05-14 18:24:00+00:00,6793161,415272
2024-05-14 18:25:00+00:00,6158964,376666
2024-05-14 18:26:00+00:00,5593014,326415
2024-05-14 18:27:00+00:00,6002208,364313
2024-05-14 18:28:00+00:00,6218765,381682
2024-05-14 18:29:00+00:00,5320965,318664
2024-05-14 18:30:00+00:00,5438472,334761
2024-05-14 18:31:00+00:00,6178244,376358
2024-05-14 18:32:00+00:00,5685220,338155
2024-05-14 18:33:00+00:00,5618571,350098
2024-05-14 18:34:00+00:00,6085999,346486
2024-05-14 18:35:00+00:00,6355950,382439
2024-05-14 18:36:00+00:00,6337781,397146
2024-05-14 18:37:00+00:00,6752360,391861
2024-05-14 18:38:00+00:00,5988879,355632
2024-05-14 18:39:00+00:00,6102728,378258
2024-05-14 18:40:00+00:00,6210648,369976
2024-05-14 18:41:00+00:00,6009670,344168
2024-05-14 18:42:00+00:00,5996916,370529
2024-05-14 18:43:00+00:00,4798534,280620
2024-05-14 18:44:00+00:00,5675033,323171
2024-05-14 18:45:00+00:00,5935245,351929
2024-05-14 18:46:00+00:00,5845024,350934
2024-05-14 18:47:00+00:00,6264925,371896
2024-05-14 18:48:00+00:00,6007245,365553
2024-05-14 18:49:00+00:00,5686112,340748
2024-05-14 18:50:00+00:00,5580313,342799
2024-05-14 18:51:00+00:00,5805811,362450
2024-05-14 18:52:00+00:00,5952486,360063
2024-05-14 18:53:00+00:00,5790116,347187
2024-05-14 18:54:00+00:00,5857874,360814
2024-05-14 18:55:00+00:00,6711251,415189
2024-05-14 18:56:00+00:00,6786132,409431
2024-05-14 18:57:00+00:00,6834737,420604
2024-05-14 18:58:00+00:00,6289831,379514
2024-05-14 18:59:00+00:00,5512937,343894
2024-05-14 19:00:00+00:00,6360797,370255
2024-05-14 19:01:00+00:00,5653194,351046
2024-05-14 19:02:00+00:00,6005241,353367
2024-05-14 19:03:00+00:00,6049463,357331
2024-05-14 19:04:00+00:00,5732155,344092
2024-05-14 19:05:00+00:00,6036339,372238
2024-05-14 19:06:00+00:00,5840637,355539
2024-05-14 19:07:00+00:00,6040764,370877
2024-05-14 19:08:00+00:00,6359195,371970
2024-05-14 19:09:00+00:00,6140905,361352
2024-05-14 19:10:00+00:00,5458800,319716
2024-05-14 19:11:00+00:00,5679667,327288
2024-05-14 19:12:00+00:00,5495664,340603
2024-05-14 19:13:00+00:00,6037807,364968
2024-05-14 19:14:00+00:00,5036189,294527
2024-05-14 19:15:00+00:00,5183358,320071
2024-05-14 19:16:00+00:00,5232811,306712
2024-05-14 19:17:00+00:00,5460423,326856
2024-05-14 19:18:00+00:00,5275784,304343
2024-05-14 19:19:00+00:00,5390952,322046
2024-05-14 19:20:00+00:00,5884224,346136
2024-05-14 19:21:00+00:00,5730820,346412
2024-05-14 19:22:00+00:00,6094184,366244
2024-05-14 19:23:00+00:00,5638577,355179
2024-05-14 19:24:00+00:00,4970710,295557
2024-05-14 19:25:00+00:00,5211816,311771
2024-05-14 19:26:00+00:00,6001416,383731
2024-05-14 19:27:00+00:00,5938227,372256
2024-05-14 19:28:00+00:00,5018818,295425
2024-05-14 19:29:00+00:00,5543423,345238
2024-05-14 19:30:00+00:00,5568721,328130
2024-05-14 19:31:00+00:00,5786167,341194
2024-05-14 19:32:00+00:00,5281543,315656
2024-05-14 19:33:00+00:00,5957694,364425
2024-05-14 19:34:00+00:00,5433924,310700
2024-05-14 19:35:00+00:00,5039514,304094
2024-05-14 19:36:00+00:00,5629908,323286
2024-05-14 19:37:00+00:00,5151867,322235
2024-05-14 19:38:00+00:00,4657966,280995
2024-05-14 19:39:00+00:00,4606134,271146
2024-05-14 19:40:00+00:00,5387096,316366
2024-05-14 19:41:00+00:00,5068712,307813
2024-05-14 19:42:00+00:00,5244050,309285
2024-05-14 19:43:00+00:00,5284861,304278
2024-05-14 19:44:00+00:00,4773929,298689
2024-05-14 19:45:00+00:00,5925131,343298
2024-05-14 19:46:00+00:00,5418605,319766
2024-05-14 19:47:00+00:00,5514636,326665
2024-05-14 19:48:00+00:00,5703990,336235
2024-05-14 19:49:00+00:00,5718178,357559
2024-05-14 19:50:00+00:00,5415565,317715
2024-05-14 19:51:00+00:00,5511494,318394
2024-05-14 19:52:00+00:00,4806611,284215
2024-05-14 19:53:00+00:00,5040546,304357
2024-05-14 19:54:00+00:00,5966912,369458
2024-05-14 19:55:00+00:00,5827927,356725
2024-05-14 19:56:00+00:00,6139805,374532
2024-05-14 19:57:00+00:00,6088379,372958
2024-05-14 19:58:00+00:00,5985159,360094
2024-05-14 19:59:00+00:00,5742341,347269
2024-05-14 20:00:00+00:00,5666709,347971
2024-05-14 20:01:00+00:00,5940415,334201
2024-05-14 20:02:00+00:00,6005182,346229
2024-05-14 20:03:00+00:00,5539577,333120
2024-05-14 20:04:00+00:00,4769767,285640
2024-05-14 20:05:00+00:00,5125480,313060
2024-05-14 20:06:00+00:00,5261714,315290
2024-05-14 20:07:00+00:00,5564357,339276
2024-05-14 20:08:00+00:00,5410388,325393
2024-05-14 20:09:00+00:00,4258082,250516
2024-05-14 20:10:00+00:00,5709581,350676
2024-05-14 20:11:00+00:00,5662908,336805
2024-05-14 20:12:00+00:00,5293693,316741
2024-05-14 20:13:00+00:00,5545086,326363
2024-05-14 20:14:00+00:00,5603214,322862
2024-05-14 20:15:00+00:00,5523117,312642
2024-05-14 20:16:00+00:00,5990274,334070
2024-05-14 20:17:00+00:00,5816584,339566
2024-05-14 20:18:00+00:00,5372398,297998
2024-05-14 20:19:00+00:00,5566689,325761
2024-05-14 20:20:00+00:00,5046782,299733
2024-05-14 20:21:00+00:00,5375748,305016
2024-05-14 20:22:00+00:00,5215520,313498
2024-05-14 20:23:00+00:00,5178382,309205
2024-05-14 20:24:00+00:00,5425840,320964
2024-05-14 20:25:00+00:00,5259286,303996
2024-05-14 20:26:00+00:00,4682831,279109
2024-05-14 20:27:00+00:00,5521806,313029
2024-05-14 20:28:00+00:00,5399925,319234
2024-05-14 20:29:00+00:00,4765410,280080
2024-05-14 20:30:00+00:00,5669268,343171
2024-05-14 20:31:00+00:00,5194236,310409
2024-05-14 20:32:00+00:00,5046104,298960
2024-05-14 20:33:00+00:00,4769665,290039
2024-05-14 20:34:00+00:00,4837851,293742
2024-05-14 20:35:00+00:00,5319358,313147
2024-05-14 20:36:00+00:00,5347036,328770
2024-05-14 20:37:00+00:00,5657842,331359
2024-05-14 20:38:00+00:00,5127967,299195
2024-05-14 20:39:00+00:00,4893273,292325
2024-05-14 20:40:00+00:00,4732894,275221
2024-05-14 20:41:00+00:00,3984633,235188
2024-05-14 20:42:00+00:00,4500537,266549
2024-05-14 20:43:00+00:00,4544104,273155
2024-05-14 20:44:00+00:00,4448233,255310
2024-05-14 20:45:00+00:00,4077478,244658
2024-05-14 20:46:00+00:00,4891026,292220
2024-05-14 20:47:00+00:00,4865307,286414
2024-05-14 20:48:00+00:00,5057053,307233
2024-05-14 20:49:00+00:00,4616156,268644
2024-05-14 20:50:00+00:00,4748304,284585
2024-05-14 20:51:00+00:00,5005474,300073
2024-05-14 20:52:00+00:00,4404790,255034
2024-05-14 20:53:00+00:00,4860355,291735
2024-05-14 20:54:00+00:00,4644102,278876
2024-05-14 20:55:00+00:00,4620546,276041
2024-05-14 20:56:00+00:00,4580068,269909
2024-05-14 20:57:00+00:00,4429029,262383
2024-05-14 20:58:00+00:00,5021220,297007
2024-05-14 20:59:00+00:00,4886991,281345
2024-05-14 21:00:00+00:00,4995484,298861
2024-05-14 21:01:00+00:00,4680283,279588
2024-05-14 21:02:00+00:00,5053489,299765
2024-05-14 21:03:00+00:00,4514824,265870
2024-05-14 21:04:00+00:00,4663538,277769
2024-05-14 21:05:00+00:00,4747373,289989
2024-05-14 21:06:00+00:00,5100312,306229
2024-05-14 21:07:00+00:00,4431652,257596
2024-05-14 21:08:00+00:00,4222291,253246
2024-05-14 21:09:00+00:00,4039514,245964
2024-05-14 21:10:00+00:00,4040770,251302
2024-05-14 21:11:00+00:00,4390832,254290
2024-05-14 21:12:00+00:00,4414738,266942
2024-05-14 21:13:00+00:00,4910544,283202
2024-05-14 21:14:00+00:00,4043846,230057
2024-05-14 21:15:00+00:00,4231051,251175
2024-05-14 21:16:00+00:00,4126590,255070
2024-05-14 21:17:00+00:00,4206624,272810
2024-05-14 21:18:00+00:00,3722451,235668
2024-05-14 21:19:00+00:00,4039370,254822
2024-05-14 21:20:00+00:00,4145572,262226
2024-05-14 21:21:00+00:00,4264784,259368
2024-05-14 21:22:00+00:00,4606392,288803
2024-05-14 21:23:00+00:00,4009968,245853
2024-05-14 21:24:00+00:00,4191028,272152
2024-05-14 21:25:00+00:00,4222923,260748
2024-05-14 21:26:00+00:00,3493898,228766
2024-05-14 21:27:00+00:00,3528667,226026
2024-05-14 21:28:00+00:00,3895026,230460
2024-05-14 21:29:00+00:00,3702860,236412
2024-05-14 21:30:00+00:00,3744252,238548
2024-05-14 21:31:00+00:00,3856146,235670
2024-05-14 21:32:00+00:00,3762988,241144
2024-05-14 21:33:00+00:00,4200246,260137
2024-05-14 21:34:00+00:00,3955526,236008
2024-05-14 21:35:00+00:00,4327432,264259
2024-05-14 21:36:00+00:00,4047545,249599
2024-05-14 21:37:00+00:00,4521706,278449
2024-05-14 21:38:00+00:00,4539851,285360
2024-05-14 21:39:00+00:00,4467674,274418
2024-05-14 21:40:00+00:00,4492523,262872
2024-05-14 21:41:00+00:00,4667285,305460
2024-05-14 21:42:00+00:00,4597708,299091
2024-05-14 21:43:00+00:00,4812512,303261
2024-05-14 21:44:00+00:00,4854929,307789
2024-05-14 21:45:00+00:00,4698297,300006
2024-05-14 21:46:00+00:00,4732037,296483
2024-05-14 21:47:00+00:00,4649635,293631
2024-05-14 21:48:00+00:00,4825562,302078
2024-05-14 21:49:00+00:00,4798876,285698
2024-05-14 21:50:00+00:00,4944257,316049
2024-05-14 21:51:00+00:00,4809944,300307
2024-05-14 21:52:00+00:00,4652605,288045
2024-05-14 21:53:00+00:00,4394710,274113
2024-05-14 21:54:00+00:00,4493648,279718
2024-05-14 21:55:00+00:00,4618050,275340
2024-05-14 21:56:00+00:00,4486949,280346
2024-05-14 21:57:00+00:00,4496639,276971
2024-05-14 21:58:00+00:00,4574438,278560
2024-05-14 21:59:00+00:00,4379385,282275
2024-05-14 22:00:00+00:00,4208819,270192
2024-05-14 22:01:00+00:00,3963627,240892
2024-05-14 22:02:00+00:00,4259449,268633
2024-05-14 22:03:00+00:00,3704745,219251
2024-05-14 22:04:00+00:00,4056851,246836
2024-05-14 22:05:00+00:00,4393804,285925
2024-05-14 22:06:00+00:00,4331683,281339
2024-05-14 22:07:00+00:00,4447800,280783
2024-05-14 22:08:00+00:00,4287014,267119
2024-05-14 22:09:00+00:00,4330880,272357
2024-05-14 22:10:00+00:00,4063081,268226
2024-05-14 22:11:00+00:00,4390827,270040
2024-05-14 22:12:00+00:00,4069753,256279
2024-05-14 22:13:00+00:00,3849367,241785
2024-05-14 22:14:00+00:00,4340797,261842
2024-05-14 22:15:00+00:00,4023734,248604
2024-05-14 22:16:00+00:00,4144041,266557
2024-05-14 22:17:00+00:00,4274403,257132
2024-05-14 22:18:00+00:00,4286051,270846
2024-05-14 22:19:00+00:00,4231443,265717
2024-05-14 22:20:00+00:00,4197823,254105
2024-05-14 22:21:00+00:00,3991168,243032
2024-05-14 22:22:00+00:00,4121537,256658
2024-05-14 22:23:00+00:00,4148482,253953
2024-05-14 22:24:00+00:00,4044420,260755
2024-05-14 22:25:00+00:00,4182907,262845
2024-05-14 22:26:00+00:00,4244630,275202
2024-05-14 22:27:00+00:00,3527195,224899
2024-05-14 22:28:00+00:00,3517100,236631
2024-05-14 22:29:00+00:00,3260798,202688
2024-05-14 22:30:00+00:00,3773127,238174
2024-05-14 22:31:00+00:00,3671869,220160
2024-05-14 22:32:00+00:00,3759295,225764
2024-05-14 22:33:00+00:00,3934882,249344
2024-05-14 22:34:00+00:00,3609854,235020
2024-05-14 22:35:00+00:00,3259841,210697
2024-05-14 22:36:00+00:00,3582487,220662
2024-05-14 22:37:00+00:00,3570093,227751
2024-05-14 22:38:00+00:00,3755045,251136
2024-05-14 22:39:00+00:00,3407880,212322
2024-05-14 22:40:00+00:00,3259913,201724
2024-05-14 22:41:00+00:00,3673414,244968
2024-05-14 22:42:00+00:00,3283102,211126
2024-05-14 22:43:00+00:00,3414507,223346
2024-05-14 22:44:00+00:00,3474849,224584
2024-05-14 22:45:00+00:00,3423308,218491
2024-05-14 22:46:00+00:00,3426828,220334
2024-05-14 22:47:00+00:00,3412462,215301
2024-05-14 22:48:00+00:00,3070745,196613
2024-05-14 22:49:00+00:00,3731935,236476
2024-05-14 22:50:00+00:00,3279999,210248
2024-05-14 22:51:00+00:00,3157675,193430
2024-05-14 22:52:00+00:00,3378055,201645
2024-05-14 22:53:00+00:00,3643334,226146
2024-05-14 22:54:00+00:00,3583492,236935
2024-05-14 22:55:00+00:00,3495522,225916
2024-05-14 22:56:00+00:00,3691735,222963
2024-05-14 22:57:00+00:00,3391238,213463
2024-05-14 22:58:00+00:00,3369847,213763
2024-05-14 22:59:00+00:00,3699590,236360
2024-05-14 23:00:00+00:00,3449228,211758
2024-05-14 23:01:00+00:00,2982851,194114
2024-05-14 23:02:00+00:00,3251825,207765
2024-05-14 23:03:00+00:00,3130595,193000
2024-05-14 23:04:00+00:00,3172797,201070
2024-05-14 23:05:00+00:00,3375976,218117
2024-05-14 23:06:00+00:00,3101311,202149
2024-05-14 23:07:00+00:00,3112629,199562
2024-05-14 23:08:00+00:00,3397641,211627
2024-05-14 23:09:00+00:00,3306162,215089
2024-05-14 23:10:00+00:00,3438677,212466
2024-05-14 23:11:00+00:00,3210740,208364
2024-05-14 23:12:00+00:00,3360299,208515
2024-05-14 23:13:00+00:00,3174527,199260
2024-05-14 23:14:00+00:00,3375508,203531
2024-05-14 23:15:00+00:00,3624120,231270
2024-05-14 23:16:00+00:00,3569946,223001
2024-05-14 23:17:00+00:00,3995507,254796
2024-05-14 23:18:00+00:00,3329734,209659
2024-05-14 23:19:00+00:00,3296538,200961
2024-05-14 23:20:00+00:00,3452223,213412
2024-05-14 23:21:00+00:00,3526645,224470
2024-05-14 23:22:00+00:00,3714182,232799
2024-05-14 23:23:00+00:00,3720140,232380
2024-05-14 23:24:00+00:00,3505235,218587
2024-05-14 23:25:00+00:00,3432410,227569
2024-05-14 23:26:00+00:00,3478370,216285
2024-05-14 23:27:00+00:00,3643744,225378
2024-05-14 23:28:00+00:00,2912172,190611
2024-05-14 23:29:00+00:00,3020905,185964
2024-05-14 23:30:00+00:00,3052104,180162
2024-05-14 23:31:00+00:00,3796248,247686
2024-05-14 23:32:00+00:00,3840276,251020
2024-05-14 23:33:00+00:00,3989520,254223
2024-05-14 23:34:00+00:00,4042277,265158
2024-05-14 23:35:00+00:00,3624777,223737
2024-05-14 23:36:00+00:00,4028486,250708
2024-05-14 23:37:00+00:00,3841764,253978
2024-05-14 23:38:00+00:00,4222281,271038
2024-05-14 23:39:00+00:00,4163743,256048
2024-05-14 23:40:00+00:00,3863901,254545
2024-05-14 23:41:00+00:00,4312057,283578
2024-05-14 23:42:00+00:00,4072687,265673
2024-05-14 23:43:00+00:00,3924455,259200
2024-05-14 23:44:00+00:00,4053266,262930
2024-05-14 23:45:00+00:00,4244671,274456
2024-05-14 23:46:00+00:00,4092268,257345
2024-05-14 23:47:00+00:00,4149096,250970
2024-05-14 23:48:00+00:00,4505639,282267
2024-05-14 23:49:00+00:00,3980083,240863
2024-05-14 23:50:00+00:00,4210858,264164
2024-05-14 23:51:00+00:00,4474923,286382
2024-05-14 23:52:00+00:00,4104436,268138
2024-05-14 23:53:00+00:00,4348112,274224
2024-05-14 23:54:00+00:00,4099730,270694
2024-05-14 23:55:00+00:00,4473657,289073
2024-05-14 23:56:00+00:00,4402007,287690
2024-05-14 23:57:00+00:00,4324937,274387
2024-05-14 23:58:00+00:00,3761168,247179
2024-05-14 23:59:00+00:00,4236297,267115
